ID,order_ID,status,at
3cce3a78-f8f7-4eed-9d02-b40119194ec8,802a246a-bfe3-4811-9a55-949327d0ad8d,draft,2026-03-30T14:59:00.000Z
ca3a0bba-397e-4108-8f92-1bfb23217328,802a246a-bfe3-4811-9a55-949327d0ad8d,submitted,2026-03-30T15:15:00.000Z
55213588-24b9-487d-86b4-97fc7164041f,802a246a-bfe3-4811-9a55-949327d0ad8d,confirmed,2026-03-30T22:15:00.000Z
85869425-5dbd-47de-8e4e-2734f1f996e9,597507f7-f18f-4212-aa9d-70c11dc9b0c8,draft,2026-03-31T10:31:00.000Z
8aa4064f-8230-4284-b0da-61d875171f1a,597507f7-f18f-4212-aa9d-70c11dc9b0c8,submitted,2026-03-31T10:40:00.000Z
16555f72-3d05-489a-a6a9-973744f99cd8,597507f7-f18f-4212-aa9d-70c11dc9b0c8,confirmed,2026-03-31T21:40:00.000Z
a6279850-5465-441b-8010-0fc3b53cf55a,49b8a4e5-2302-4f66-b3dd-2a9918f0855c,draft,2026-04-01T11:35:00.000Z
bfbc0a7e-caf4-4867-83f5-f6f418da289f,49b8a4e5-2302-4f66-b3dd-2a9918f0855c,submitted,2026-04-01T11:46:00.000Z
eedb1240-4ba4-4f06-9c1b-9f994aec8fd1,49b8a4e5-2302-4f66-b3dd-2a9918f0855c,confirmed,2026-04-01T13:46:00.000Z
cc977f83-d159-4cfc-a5f1-4cd49c2f862f,c3aaf71f-71cf-4f73-8a12-ab9ae87aee7e,draft,2026-04-01T14:55:00.000Z
8810798b-8143-4a20-8430-2efbc0eefb8f,db3fa6a4-77af-42b3-84de-3cce2d3a2f45,draft,2026-04-01T14:58:00.000Z
867bd2ca-f1b3-4ae5-beee-6f81d97cf219,db3fa6a4-77af-42b3-84de-3cce2d3a2f45,submitted,2026-04-01T15:07:00.000Z
3e4ea2a9-462e-4607-975f-f1ede9519bae,c3aaf71f-71cf-4f73-8a12-ab9ae87aee7e,submitted,2026-04-01T15:16:00.000Z
428b5b3c-4918-41b8-8fb9-c75e619cb7e7,db3fa6a4-77af-42b3-84de-3cce2d3a2f45,confirmed,2026-04-01T21:07:00.000Z
2d5cc78e-3350-46f4-835f-ef1a5b12127d,802a246a-bfe3-4811-9a55-949327d0ad8d,shipped,2026-04-01T23:15:00.000Z
0cf42e59-2b72-4f17-a749-26e0601816d3,c3aaf71f-71cf-4f73-8a12-ab9ae87aee7e,confirmed,2026-04-02T01:16:00.000Z
5b6ab40d-7b1f-49c3-a778-8c403035c2ec,2fc33536-125c-46e9-a88a-a9d077a82a47,draft,2026-04-02T09:45:00.000Z
57207b52-9bdd-4e84-890e-945964bde540,2fc33536-125c-46e9-a88a-a9d077a82a47,submitted,2026-04-02T10:09:00.000Z
9df67b4d-0d7e-415c-9296-a679ef165e0c,9d5e11d3-7f67-4f6c-96e8-3d792241082f,draft,2026-04-02T11:19:00.000Z
d2f6c387-c6da-41a8-87c0-7d518775b06d,9d5e11d3-7f67-4f6c-96e8-3d792241082f,submitted,2026-04-02T11:42:00.000Z
5f25ab7a-7804-4b7d-bc47-ab1a7690c26d,f22438a5-4a4d-4de0-ba56-fcbe2d758124,draft,2026-04-02T14:46:00.000Z
b3c2e55c-cddc-4b0d-8960-8b96d98d35c5,f22438a5-4a4d-4de0-ba56-fcbe2d758124,submitted,2026-04-02T14:57:00.000Z
4cf0585f-f12f-43c3-aa0f-df5a9c19d0c9,2fc33536-125c-46e9-a88a-a9d077a82a47,confirmed,2026-04-02T17:09:00.000Z
499c5190-739e-4d1a-b343-f970c4cc6a01,9d5e11d3-7f67-4f6c-96e8-3d792241082f,confirmed,2026-04-02T17:42:00.000Z
128e25dd-5ced-43fd-b701-f555b78307fe,b7482e5e-f0c8-43ac-9e2c-63ab54fe3304,draft,2026-04-02T19:50:00.000Z
089a14db-1a4f-4e61-9534-ec3b6a8bc05c,b7482e5e-f0c8-43ac-9e2c-63ab54fe3304,submitted,2026-04-02T19:55:00.000Z
818ca978-d3b4-4e4d-840f-b275b2ff6092,f22438a5-4a4d-4de0-ba56-fcbe2d758124,confirmed,2026-04-02T21:57:00.000Z
12c23d4e-3c41-4d93-a1ca-e65691ff3105,b7482e5e-f0c8-43ac-9e2c-63ab54fe3304,confirmed,2026-04-03T07:55:00.000Z
90a4fc26-f3bd-4b0d-a141-a6cc74785f95,08946eba-0898-476f-94be-8dc840765a47,draft,2026-04-03T15:12:00.000Z
08427403-e5d3-4f18-bf1b-8e2ef43152c7,08946eba-0898-476f-94be-8dc840765a47,submitted,2026-04-03T15:15:00.000Z
e10c3085-638b-4fc3-bc77-9b55db3eb50d,49b8a4e5-2302-4f66-b3dd-2a9918f0855c,shipped,2026-04-03T21:46:00.000Z
0ef7016c-e25f-4427-a80a-596e5639c879,802a246a-bfe3-4811-9a55-949327d0ad8d,delivered,2026-04-03T23:15:00.000Z
4c6b70eb-e384-40be-9b21-b9af04fd1790,08946eba-0898-476f-94be-8dc840765a47,confirmed,2026-04-03T23:15:00.000Z
57b5853e-74ad-4544-b97c-e512ddc41e14,597507f7-f18f-4212-aa9d-70c11dc9b0c8,shipped,2026-04-04T01:40:00.000Z
55b1c704-9917-4dbd-86f4-3a9464887df9,f22438a5-4a4d-4de0-ba56-fcbe2d758124,shipped,2026-04-04T04:57:00.000Z
251e6572-0ace-467e-ab81-2c5c08223e4b,b9380f6c-f9fd-415a-bc89-e0d244e3a860,draft,2026-04-04T08:51:00.000Z
bd38358a-1823-446b-8ed6-46d6572f4641,b9380f6c-f9fd-415a-bc89-e0d244e3a860,submitted,2026-04-04T08:53:00.000Z
0cc8fade-c3da-4279-88b0-f3d12b4a308b,f4654715-5cf0-4f4b-9e4c-51c7e6638c8e,draft,2026-04-04T10:24:00.000Z
7a1b5c91-e9fc-4d36-baf8-9801cef4835a,f4654715-5cf0-4f4b-9e4c-51c7e6638c8e,submitted,2026-04-04T10:50:00.000Z
55f75c61-4222-4afb-b84e-0b35ea7579c4,b9380f6c-f9fd-415a-bc89-e0d244e3a860,confirmed,2026-04-04T10:53:00.000Z
8ce38667-72eb-4705-b3ac-4f735fc92016,c4ccdcc3-b8db-403f-b667-0e31107360af,draft,2026-04-04T11:43:00.000Z
1400bab0-9595-4cdc-afbf-aa70765b08f1,c4ccdcc3-b8db-403f-b667-0e31107360af,submitted,2026-04-04T12:02:00.000Z
97bafbc4-4aa6-4ec5-8122-ce3a5b2ceabe,b7482e5e-f0c8-43ac-9e2c-63ab54fe3304,shipped,2026-04-04T13:55:00.000Z
6571eca7-7537-4399-af54-21e7991c1ff7,65384192-a790-48cd-9225-ef08e927d7a0,draft,2026-04-04T14:13:00.000Z
4a5375f4-df69-4326-af60-9f4692fc6555,768ff558-5650-40b0-a16b-60880d314107,draft,2026-04-04T14:29:00.000Z
a7b0b820-670d-4805-84ed-6a7bcae8442b,65384192-a790-48cd-9225-ef08e927d7a0,submitted,2026-04-04T14:34:00.000Z
16c0f09c-aef5-4cfb-a9b3-79820755463c,768ff558-5650-40b0-a16b-60880d314107,submitted,2026-04-04T14:48:00.000Z
a05eb3bc-08a1-4653-b8af-cee349e85446,b566a130-997b-489f-92fe-4c2c878318f0,draft,2026-04-04T15:35:00.000Z
76df3fb5-de97-413a-a76b-d4346f7c84a3,b566a130-997b-489f-92fe-4c2c878318f0,submitted,2026-04-04T15:52:00.000Z
23f7e984-237a-43c0-82ae-02eafe63efe7,5a990934-66dd-49e2-add1-d2099d5a99bf,draft,2026-04-04T17:34:00.000Z
22585144-a306-4917-9946-0828e09ba219,5a990934-66dd-49e2-add1-d2099d5a99bf,submitted,2026-04-04T17:55:00.000Z
e0deaabe-ac82-4644-b96a-bd591fc785d6,c4ccdcc3-b8db-403f-b667-0e31107360af,confirmed,2026-04-04T18:02:00.000Z
30b2f557-702b-472e-a1b1-d9cfdf88f111,fe9adc87-46ba-4a8f-8ec3-0342ce58994b,draft,2026-04-04T18:46:00.000Z
18b02206-5b4e-483e-917a-b5425b6ea565,fe9adc87-46ba-4a8f-8ec3-0342ce58994b,submitted,2026-04-04T18:48:00.000Z
7b50de05-a2aa-4d1a-b63a-542c176eb866,65384192-a790-48cd-9225-ef08e927d7a0,confirmed,2026-04-04T19:34:00.000Z
04349366-e4b2-42cb-97de-77f6df759b2e,f4654715-5cf0-4f4b-9e4c-51c7e6638c8e,confirmed,2026-04-04T19:50:00.000Z
b014bdee-e22d-4b9e-9243-254933f837f3,6fbfd572-3001-48e6-ae90-0e94fec2ed77,draft,2026-04-04T20:22:00.000Z
7bbfa5a7-b5f3-4003-b01d-a405311b2989,bba0b61b-7ab2-4e87-aa22-571087c5c888,draft,2026-04-04T20:35:00.000Z
fb65c5f4-0cd1-40a7-8404-475fade719a3,9d5e11d3-7f67-4f6c-96e8-3d792241082f,shipped,2026-04-04T20:42:00.000Z
589e85e0-7eed-4cd6-99f6-aea3a32639e8,bba0b61b-7ab2-4e87-aa22-571087c5c888,submitted,2026-04-04T20:42:00.000Z
ef0cb724-3934-4b77-8ee2-c642945c923d,6fbfd572-3001-48e6-ae90-0e94fec2ed77,submitted,2026-04-04T20:46:00.000Z
3cf7eb4d-ff7c-42c4-b7fd-56a02b42e4a9,db3fa6a4-77af-42b3-84de-3cce2d3a2f45,shipped,2026-04-04T21:07:00.000Z
dbdb8795-ce1b-43dc-b232-15876fcecb79,2fc33536-125c-46e9-a88a-a9d077a82a47,shipped,2026-04-04T22:09:00.000Z
cdef2df6-b6f8-469c-b555-c253c182b0a6,768ff558-5650-40b0-a16b-60880d314107,confirmed,2026-04-04T22:48:00.000Z
577abe98-7ee8-47fb-93e7-6df19f178bdb,b566a130-997b-489f-92fe-4c2c878318f0,confirmed,2026-04-05T02:52:00.000Z
9ca89d90-e423-43bd-a0a0-67d75c19ca27,6fbfd572-3001-48e6-ae90-0e94fec2ed77,confirmed,2026-04-05T03:46:00.000Z
434ea5ef-9a91-4928-9b56-232353a9fb11,fe9adc87-46ba-4a8f-8ec3-0342ce58994b,confirmed,2026-04-05T03:48:00.000Z
881d057f-7ed6-4271-9feb-a9e4ba29edc0,5a990934-66dd-49e2-add1-d2099d5a99bf,confirmed,2026-04-05T03:55:00.000Z
a4bdeaab-54e8-4714-98fc-0b90f3db1373,c3aaf71f-71cf-4f73-8a12-ab9ae87aee7e,shipped,2026-04-05T08:16:00.000Z
e820bf58-2043-4286-a9d3-949db813a0b6,bba0b61b-7ab2-4e87-aa22-571087c5c888,confirmed,2026-04-05T08:42:00.000Z
590e9e64-c448-4ae3-81b3-7d533ef17700,b9380f6c-f9fd-415a-bc89-e0d244e3a860,shipped,2026-04-05T10:53:00.000Z
49ecb9ef-9236-414e-8869-e15e6c063597,6a9dccda-738d-44c9-90a6-6e898aceb0ad,draft,2026-04-05T17:55:00.000Z
ae245ba3-d1c6-48a3-b317-f0f280965321,6a9dccda-738d-44c9-90a6-6e898aceb0ad,submitted,2026-04-05T18:21:00.000Z
7de4c68d-bdaa-4a18-a147-0e96a652a815,3bd102b3-9633-4662-bb7c-42be356d39b9,draft,2026-04-05T21:27:00.000Z
094a4798-f9a5-4c7c-bdc5-4b78faf0227a,3bd102b3-9633-4662-bb7c-42be356d39b9,submitted,2026-04-05T21:38:00.000Z
5c652308-7240-4730-a245-e2eab0c0064a,3bd102b3-9633-4662-bb7c-42be356d39b9,confirmed,2026-04-05T23:38:00.000Z
c33d98d8-a4d8-4b96-b046-709e966b5938,cd85b2ec-4dda-42b9-98b0-8076bab6d06a,draft,2026-04-06T04:01:00.000Z
93e58eca-d8aa-477e-8af1-37b30ccbc37c,cd85b2ec-4dda-42b9-98b0-8076bab6d06a,submitted,2026-04-06T04:18:00.000Z
85fd5ccd-6180-4af2-9da6-322f9367700e,6a9dccda-738d-44c9-90a6-6e898aceb0ad,confirmed,2026-04-06T05:21:00.000Z
f442d133-a3af-45ca-ab74-b09777a215d7,b566a130-997b-489f-92fe-4c2c878318f0,shipped,2026-04-06T05:52:00.000Z
ae61d4f3-e75c-45eb-b6ce-b5703f5d9cac,cd85b2ec-4dda-42b9-98b0-8076bab6d06a,confirmed,2026-04-06T08:18:00.000Z
1fb76c9c-4e7a-488f-8e52-136b07dc6af2,91cb7f19-b5db-4b2f-ad36-5db1634d8993,draft,2026-04-06T13:50:00.000Z
c7821ca6-adf0-49c1-9dda-3c3f81a3dd94,91cb7f19-b5db-4b2f-ad36-5db1634d8993,submitted,2026-04-06T14:20:00.000Z
8584d8e0-5535-40c1-a8f4-3a60ffd5f764,858c99f4-64a2-4a42-bf61-64bd2a59ba64,draft,2026-04-06T15:33:00.000Z
38e94984-d3fc-4548-b419-ceecc5ed856f,858c99f4-64a2-4a42-bf61-64bd2a59ba64,submitted,2026-04-06T15:42:00.000Z
057557aa-8db7-421c-9e5d-a770855f0b7c,bf2209ea-2301-4877-8f38-6f1400c37c0a,draft,2026-04-06T18:51:00.000Z
5283925a-3acd-492e-b787-7e4b64bfa5b3,bf2209ea-2301-4877-8f38-6f1400c37c0a,submitted,2026-04-06T19:02:00.000Z
cf2eb9c5-04cc-41a0-83eb-b41cae2408c0,858c99f4-64a2-4a42-bf61-64bd2a59ba64,confirmed,2026-04-06T20:42:00.000Z
440397f8-413b-4c5c-9ab5-de1e347ae21a,91cb7f19-b5db-4b2f-ad36-5db1634d8993,confirmed,2026-04-06T21:20:00.000Z
c88c9cc1-5986-4025-914e-fe9399123831,08946eba-0898-476f-94be-8dc840765a47,shipped,2026-04-06T23:15:00.000Z
d7a873b5-90ce-452c-86ea-90f3050076eb,bf2209ea-2301-4877-8f38-6f1400c37c0a,confirmed,2026-04-07T02:02:00.000Z
a3eb632d-d09b-4cf3-84ae-1226997d15b4,768ff558-5650-40b0-a16b-60880d314107,shipped,2026-04-07T03:48:00.000Z
6a6c8a55-27ab-401f-8df4-70acd55888e8,6a9dccda-738d-44c9-90a6-6e898aceb0ad,shipped,2026-04-07T05:21:00.000Z
42e3db2b-107d-4149-a949-3d39bf9c95c0,59cef52b-01c7-4b2f-9d72-9f5bdc439456,draft,2026-04-07T09:29:00.000Z
1926c661-06a1-49c6-8dbd-8a53daac79c1,59cef52b-01c7-4b2f-9d72-9f5bdc439456,submitted,2026-04-07T09:44:00.000Z
2748b13f-4ebd-4bc7-8eca-53184f7bf999,5a990934-66dd-49e2-add1-d2099d5a99bf,shipped,2026-04-07T10:55:00.000Z
948acb0e-be42-47d1-93ce-232445a551e9,6fbfd572-3001-48e6-ae90-0e94fec2ed77,shipped,2026-04-07T11:46:00.000Z
2209d1ed-4949-451b-a857-13fcf941a2a9,bba0b61b-7ab2-4e87-aa22-571087c5c888,shipped,2026-04-07T15:42:00.000Z
0389bf0d-a1e1-4ead-9ad4-ff1ec8d25133,b0d19af4-a064-46d1-93e8-39615191adfa,draft,2026-04-07T18:23:00.000Z
14ffd8aa-dbc6-4766-a661-9811c0028a74,b0d19af4-a064-46d1-93e8-39615191adfa,submitted,2026-04-07T18:40:00.000Z
adf29be6-294f-4a6d-9595-c0af3ae00543,59cef52b-01c7-4b2f-9d72-9f5bdc439456,confirmed,2026-04-07T18:44:00.000Z
d67c53f5-e78c-421d-ae20-47b032a478b6,f4654715-5cf0-4f4b-9e4c-51c7e6638c8e,shipped,2026-04-07T19:50:00.000Z
4627aec4-9841-428f-a33e-8da384d3a9fd,65384192-a790-48cd-9225-ef08e927d7a0,shipped,2026-04-07T20:34:00.000Z
4dd7fe26-3e5f-439d-b842-362846dabdf6,c4ccdcc3-b8db-403f-b667-0e31107360af,shipped,2026-04-07T23:02:00.000Z
afff6fff-ae46-4308-8447-a5a1be93e0fb,b0d19af4-a064-46d1-93e8-39615191adfa,confirmed,2026-04-08T01:40:00.000Z
3f92dd87-5eca-4ab1-a9c7-1dc8e5feae59,bf2209ea-2301-4877-8f38-6f1400c37c0a,shipped,2026-04-08T03:02:00.000Z
e57a53bb-0de2-4f92-9563-e087c98772de,91cb7f19-b5db-4b2f-ad36-5db1634d8993,shipped,2026-04-08T03:20:00.000Z
98a95366-f8b5-4d13-a875-2eb9f2af8543,858c99f4-64a2-4a42-bf61-64bd2a59ba64,shipped,2026-04-08T04:42:00.000Z
1ef440cb-3521-4bcf-bd59-44e4d8724821,b566a130-997b-489f-92fe-4c2c878318f0,delivered,2026-04-08T05:52:00.000Z
26973620-53d7-435d-9a8b-715bdc3b2e28,597507f7-f18f-4212-aa9d-70c11dc9b0c8,delivered,2026-04-08T06:40:00.000Z
0252cbc4-27bc-40ba-84bf-68d110d2018b,fe9adc87-46ba-4a8f-8ec3-0342ce58994b,shipped,2026-04-08T06:48:00.000Z
f30c4660-b4af-4dc6-8b58-8d9cb1eee120,660b4b8f-2731-4d65-97d3-630051132e85,draft,2026-04-08T08:24:00.000Z
b1237485-5022-4f0a-9e97-2d16d4e03965,49b8a4e5-2302-4f66-b3dd-2a9918f0855c,delivered,2026-04-08T08:46:00.000Z
bd60a8b4-0ca3-4b38-96dc-db6244b1d8dd,660b4b8f-2731-4d65-97d3-630051132e85,submitted,2026-04-08T08:49:00.000Z
853357f1-46aa-4ea5-bc69-866e7b168405,e95941ff-256d-41d2-9a03-5d1b86d9d517,draft,2026-04-08T10:27:00.000Z
81e9633b-4c1e-4258-ae2e-618588c95c7a,e95941ff-256d-41d2-9a03-5d1b86d9d517,submitted,2026-04-08T10:46:00.000Z
d3434deb-a884-47c7-a174-8af6f836c089,cd85b2ec-4dda-42b9-98b0-8076bab6d06a,shipped,2026-04-08T11:18:00.000Z
8237602f-d2a4-4b4e-baf6-4b767c175dda,dc7e71f6-4aac-4029-8d78-bae8f20fc460,draft,2026-04-08T11:56:00.000Z
8a742c77-55d2-4e6c-95be-fdd7ba102b06,dc7e71f6-4aac-4029-8d78-bae8f20fc460,submitted,2026-04-08T12:06:00.000Z
b7a79a3f-59d9-4322-ae5b-1adcaad92867,660b4b8f-2731-4d65-97d3-630051132e85,confirmed,2026-04-08T12:49:00.000Z
50b042ea-6c85-4c2a-ae99-8c03c46d7f26,e95941ff-256d-41d2-9a03-5d1b86d9d517,confirmed,2026-04-08T13:46:00.000Z
25a6f0f0-00e9-4663-ad09-0a81350c6b29,51cd5e8e-6238-447a-b8f0-d4c73e6d1a38,draft,2026-04-08T14:13:00.000Z
b8569fe4-51c3-4274-9e11-55619dc07164,51cd5e8e-6238-447a-b8f0-d4c73e6d1a38,submitted,2026-04-08T14:24:00.000Z
d393f003-70b7-41d7-912d-6d06e2a1ab10,dc7e71f6-4aac-4029-8d78-bae8f20fc460,confirmed,2026-04-08T17:06:00.000Z
409e847a-f5ec-4807-a58b-1e022af0b55d,cfcd9289-5b87-4b69-910c-90ac4caead37,draft,2026-04-08T18:03:00.000Z
e3be468a-6e7c-4166-952b-7d8265097282,cfcd9289-5b87-4b69-910c-90ac4caead37,submitted,2026-04-08T18:10:00.000Z
cd1bd407-63d8-4347-9cdc-1715c3040944,bf7ef361-a09c-4df5-9d0c-f4c9cac52b87,draft,2026-04-08T18:22:00.000Z
d39a4bb3-062e-4fab-935a-d3658336f8b4,bf7ef361-a09c-4df5-9d0c-f4c9cac52b87,submitted,2026-04-08T18:38:00.000Z
eb989026-f3ca-4f5e-94b3-0db9bae53213,dc7e71f6-4aac-4029-8d78-bae8f20fc460,cancelled,2026-04-08T19:06:00.000Z
906c2513-1256-4c3a-8d41-69ab95d482cb,1f4b239e-56b6-4958-89f9-a14683a264e3,draft,2026-04-08T19:32:00.000Z
ac004f7e-8063-467f-95a0-ff045d9d53db,1f4b239e-56b6-4958-89f9-a14683a264e3,submitted,2026-04-08T19:39:00.000Z
30a3543b-f04d-4a6d-9ecf-0564d4314291,b3b2fc49-28ea-409c-a930-52c0231adfd2,draft,2026-04-08T19:54:00.000Z
38c4ff78-176c-4915-a7ed-3e45e57c8ed9,b3b2fc49-28ea-409c-a930-52c0231adfd2,submitted,2026-04-08T20:03:00.000Z
1fcc52e6-91ac-4019-a51d-45baea8e5a51,51cd5e8e-6238-447a-b8f0-d4c73e6d1a38,confirmed,2026-04-08T21:24:00.000Z
d5ea8909-566c-43f4-93a0-3905f5f423f1,59cef52b-01c7-4b2f-9d72-9f5bdc439456,shipped,2026-04-09T00:44:00.000Z
2bc17ceb-6a13-487c-a5fc-6ed597e0f407,bf7ef361-a09c-4df5-9d0c-f4c9cac52b87,confirmed,2026-04-09T02:38:00.000Z
75803ce8-b53d-40fc-8180-1beffa6e271c,b3b2fc49-28ea-409c-a930-52c0231adfd2,confirmed,2026-04-09T03:03:00.000Z
9be4bd0d-0a70-439a-b256-94ae6a72ba87,1f4b239e-56b6-4958-89f9-a14683a264e3,confirmed,2026-04-09T04:39:00.000Z
453d5a17-83b8-4374-a1f4-ac23a26eab41,b0d19af4-a064-46d1-93e8-39615191adfa,shipped,2026-04-09T04:40:00.000Z
74776ed8-e6f0-48a7-848a-505e36d95ee6,cfcd9289-5b87-4b69-910c-90ac4caead37,confirmed,2026-04-09T05:10:00.000Z
42508466-d2a4-45f6-b8b6-6283e3f9ecb3,3bd102b3-9633-4662-bb7c-42be356d39b9,shipped,2026-04-09T05:38:00.000Z
860f24cc-b694-4fd4-88f0-73b5f0cf4ed7,5fc3e4ec-36cb-4ae0-a881-5939490ff647,draft,2026-04-09T09:37:00.000Z
d37e64f9-49e7-492d-b0a6-e22ea2875258,5fc3e4ec-36cb-4ae0-a881-5939490ff647,submitted,2026-04-09T09:53:00.000Z
f99b40eb-3fff-4370-b6df-82c152931bd6,c3aaf71f-71cf-4f73-8a12-ab9ae87aee7e,delivered,2026-04-09T11:16:00.000Z
70f340a3-21b1-41bd-a1f8-711dc9bfbf68,f22438a5-4a4d-4de0-ba56-fcbe2d758124,delivered,2026-04-09T13:57:00.000Z
fa3fbb86-0f99-414b-999d-549a50893fd8,04f32614-0937-4f24-91eb-b3586e4c42c4,draft,2026-04-09T14:41:00.000Z
5d16a2b5-dfbc-4508-b3c6-65b7d74c42cf,5fc3e4ec-36cb-4ae0-a881-5939490ff647,confirmed,2026-04-09T14:53:00.000Z
4ea6f79b-6df4-4bc0-9553-384fab5244a5,04f32614-0937-4f24-91eb-b3586e4c42c4,submitted,2026-04-09T15:10:00.000Z
9ead3d73-2a61-4dcc-b5b9-d4c8b533588b,bba0b61b-7ab2-4e87-aa22-571087c5c888,delivered,2026-04-09T16:42:00.000Z
176f88eb-e0ba-41b6-bd9b-adaf9c11817d,b9380f6c-f9fd-415a-bc89-e0d244e3a860,delivered,2026-04-09T17:53:00.000Z
4a93568c-4449-4ead-9905-53495a748517,660b4b8f-2731-4d65-97d3-630051132e85,shipped,2026-04-09T18:49:00.000Z
7993ea97-d44c-4293-961d-be35e6520b7d,75ff30d6-17f4-498a-9d5f-f72973a48dda,draft,2026-04-09T18:53:00.000Z
468c8199-e1cd-454d-9c72-86c34832837b,90f4e7eb-4cd5-4352-bfeb-dc02ade6119b,draft,2026-04-09T19:16:00.000Z
0227245b-f52d-4d94-91b4-44380b875192,75ff30d6-17f4-498a-9d5f-f72973a48dda,submitted,2026-04-09T19:20:00.000Z
586e47b9-d91c-486d-b6c2-879226b2a187,499de55c-4418-4e81-a80a-30b2217beb6f,draft,2026-04-09T19:24:00.000Z
ab3d4390-cc09-45f1-8591-7c86598fe92b,90f4e7eb-4cd5-4352-bfeb-dc02ade6119b,submitted,2026-04-09T19:36:00.000Z
aab85f4b-2259-40ce-a8a8-9b8bf0fd1ba3,ec77e503-66b4-4302-a925-8453cb648371,draft,2026-04-09T19:37:00.000Z
da1a43e9-e6bc-4335-b66c-e309555daade,ec77e503-66b4-4302-a925-8453cb648371,submitted,2026-04-09T19:41:00.000Z
a046b624-b7a1-44e1-b91e-f3514821d2d9,499de55c-4418-4e81-a80a-30b2217beb6f,submitted,2026-04-09T19:44:00.000Z
5815ae73-bc0f-443e-9aa9-a41468df7b35,ec77e503-66b4-4302-a925-8453cb648371,confirmed,2026-04-09T21:41:00.000Z
7b99b464-9e63-4654-9468-b41b55be53b3,b7482e5e-f0c8-43ac-9e2c-63ab54fe3304,delivered,2026-04-09T23:55:00.000Z
1c9c3203-c175-48a6-8c69-0403e502578c,04f32614-0937-4f24-91eb-b3586e4c42c4,confirmed,2026-04-10T00:10:00.000Z
912c134f-1464-4534-b59b-bd346d22203d,90f4e7eb-4cd5-4352-bfeb-dc02ade6119b,confirmed,2026-04-10T02:36:00.000Z
40893272-f039-41ad-a8dd-ce9788f38350,bf7ef361-a09c-4df5-9d0c-f4c9cac52b87,shipped,2026-04-10T03:38:00.000Z
c2139927-29a5-4641-897f-8eee3740da9f,499de55c-4418-4e81-a80a-30b2217beb6f,confirmed,2026-04-10T03:44:00.000Z
1f2d2d75-41b2-40c1-a31d-723f714d450d,bf2209ea-2301-4877-8f38-6f1400c37c0a,delivered,2026-04-10T04:02:00.000Z
2012f35e-58ca-46df-bc1a-e5689d4d70f3,2fc33536-125c-46e9-a88a-a9d077a82a47,delivered,2026-04-10T04:09:00.000Z
9993d463-cf84-440a-a5ac-5ba5c7c28cb4,75ff30d6-17f4-498a-9d5f-f72973a48dda,confirmed,2026-04-10T04:20:00.000Z
db09979d-00e7-4616-b749-035461b30509,9d5e11d3-7f67-4f6c-96e8-3d792241082f,delivered,2026-04-10T05:42:00.000Z
eb7d4c74-940f-4048-800e-167beabe3966,b3b2fc49-28ea-409c-a930-52c0231adfd2,shipped,2026-04-10T06:03:00.000Z
807d732a-27fe-4b4a-becb-d951f4b7b309,65384192-a790-48cd-9225-ef08e927d7a0,delivered,2026-04-10T07:34:00.000Z
a1d2097f-2bc7-48e2-98b4-918036a546d6,bf7ef361-a09c-4df5-9d0c-f4c9cac52b87,cancelled,2026-04-10T07:38:00.000Z
329009b5-f0dd-4c1a-8cdf-a03769231f65,1f4b239e-56b6-4958-89f9-a14683a264e3,shipped,2026-04-10T08:39:00.000Z
7d4ce5ba-f6c3-435a-b2fb-03b8e5ba6d96,db3fa6a4-77af-42b3-84de-3cce2d3a2f45,delivered,2026-04-10T09:07:00.000Z
3bc820c9-c17d-47ad-b96f-df9a6c97f322,2d9bc0ee-fd82-4715-8d74-e481439778cd,draft,2026-04-10T09:09:00.000Z
84a3b274-27af-4279-b66c-b231b81fc22b,2d9bc0ee-fd82-4715-8d74-e481439778cd,submitted,2026-04-10T09:14:00.000Z
d4574a08-58ca-446b-a410-951179d2f71c,5d2631e2-96c2-4139-ad94-0579517f0a3b,draft,2026-04-10T09:44:00.000Z
544aed8f-69ff-407e-836a-3873196e0d7b,5d2631e2-96c2-4139-ad94-0579517f0a3b,submitted,2026-04-10T10:13:00.000Z
28d31701-8a9b-41c5-a139-d232c2434223,455741c9-b4a1-4aa1-a14f-2890c5d29aff,draft,2026-04-10T11:16:00.000Z
927cc898-8d82-4939-b144-53e12f24b74c,dae11d63-b8a5-41c4-9fe3-7d3779e31f02,draft,2026-04-10T11:17:00.000Z
26988e6e-b50b-4e60-ad70-ea55d787d63c,dae11d63-b8a5-41c4-9fe3-7d3779e31f02,submitted,2026-04-10T11:23:00.000Z
ead40806-4dc7-40dc-a63d-e4e6b821bcf9,455741c9-b4a1-4aa1-a14f-2890c5d29aff,submitted,2026-04-10T11:32:00.000Z
2fb9e5dc-b7aa-45cf-8812-cd0c326f497b,768ff558-5650-40b0-a16b-60880d314107,delivered,2026-04-10T11:48:00.000Z
813318b0-fbfe-4960-8d7c-1258a3f3b685,455741c9-b4a1-4aa1-a14f-2890c5d29aff,confirmed,2026-04-10T13:32:00.000Z
597422e0-dc1f-4941-893c-dc02537d9d3f,2d9bc0ee-fd82-4715-8d74-e481439778cd,confirmed,2026-04-10T15:14:00.000Z
9361c8d9-1563-48e0-87f7-0ce0c91ca824,f0353add-9fe1-4284-87d7-511c943b642e,draft,2026-04-10T16:20:00.000Z
7b462f48-5111-4c2e-a17a-be60d9c83e67,f0353add-9fe1-4284-87d7-511c943b642e,submitted,2026-04-10T16:38:00.000Z
5f7db6a7-22e1-4135-a91b-2a8a32de8357,a9e398eb-ba6a-4f2b-9582-63fd4cc9dd21,draft,2026-04-10T16:53:00.000Z
c7a154fb-5c4e-4bd6-848f-3feca3053aad,5a990934-66dd-49e2-add1-d2099d5a99bf,delivered,2026-04-10T16:55:00.000Z
66e1b188-31c7-4a5f-83ee-c7be0fdbadc7,a9e398eb-ba6a-4f2b-9582-63fd4cc9dd21,submitted,2026-04-10T16:56:00.000Z
e38d65c8-b7e3-471d-bca9-6d0220ed8ad1,c74c4dd8-3a6e-4203-9209-d8919ae9f590,draft,2026-04-10T18:14:00.000Z
ffcbc0e9-3a5a-461d-87b9-b8940ae3d165,c74c4dd8-3a6e-4203-9209-d8919ae9f590,submitted,2026-04-10T18:23:00.000Z
457e3eca-be77-4abe-ae8f-53e89227d7a0,a9e398eb-ba6a-4f2b-9582-63fd4cc9dd21,confirmed,2026-04-10T18:56:00.000Z
8ba5cdac-b9cc-4139-baf6-7337ee878835,fa721aaa-c24b-446e-bbeb-459ac6888907,draft,2026-04-10T19:04:00.000Z
da141dc6-2378-423c-9806-256a3378e94c,dae11d63-b8a5-41c4-9fe3-7d3779e31f02,confirmed,2026-04-10T19:23:00.000Z
ee2013ea-8c86-45b5-a8ec-884e1eaf070d,fa721aaa-c24b-446e-bbeb-459ac6888907,submitted,2026-04-10T19:26:00.000Z
4ebebe0d-4d48-4308-8ddd-00604f847253,ba033147-c857-4fc1-a780-4cff2e526c59,draft,2026-04-10T20:02:00.000Z
a197a9fe-b5f2-4ea2-97c3-afad1d4fa808,ba033147-c857-4fc1-a780-4cff2e526c59,submitted,2026-04-10T20:08:00.000Z
cbdd3350-0f27-48c2-b919-5bda6b7b60a1,5d2631e2-96c2-4139-ad94-0579517f0a3b,confirmed,2026-04-10T20:13:00.000Z
464fe003-6e9e-4b0e-b8d2-546a820a7057,cd85b2ec-4dda-42b9-98b0-8076bab6d06a,delivered,2026-04-10T20:18:00.000Z
cf70d60e-01bb-4026-8d65-18c3f0551870,f0353add-9fe1-4284-87d7-511c943b642e,confirmed,2026-04-10T20:38:00.000Z
1ff45216-9b41-46c7-948e-4e9240c7f195,4abea5e6-3d37-44d7-8e9f-8a7813001304,draft,2026-04-10T20:43:00.000Z
352d34d3-6868-472b-9ac5-542c3af792b2,4abea5e6-3d37-44d7-8e9f-8a7813001304,submitted,2026-04-10T20:58:00.000Z
624d2e9f-7400-40fb-8359-9d3e865e5192,34800959-c7eb-4ed1-aa12-4cd3cecc8f64,draft,2026-04-10T21:34:00.000Z
b7cdc2fb-aebd-447e-9d49-1607ce9f1537,e797c02f-f52a-44bb-846a-9005e30395a9,draft,2026-04-10T21:35:00.000Z
17be1a05-abbc-44fa-bc84-2906d34c0e63,e797c02f-f52a-44bb-846a-9005e30395a9,submitted,2026-04-10T21:52:00.000Z
487347b6-931a-475b-9d86-9c55e505a155,34800959-c7eb-4ed1-aa12-4cd3cecc8f64,submitted,2026-04-10T21:57:00.000Z
106725f8-ef26-4ba6-98dc-cf4031d82626,c74c4dd8-3a6e-4203-9209-d8919ae9f590,confirmed,2026-04-10T23:23:00.000Z
c10f7017-7a84-4700-9b7c-e3088de80975,4abea5e6-3d37-44d7-8e9f-8a7813001304,confirmed,2026-04-10T23:58:00.000Z
f3f944a6-39e0-4c50-985e-3164f4678557,ba033147-c857-4fc1-a780-4cff2e526c59,confirmed,2026-04-11T01:08:00.000Z
4815b318-f08f-4c00-ab6d-5e86373eb707,90f4e7eb-4cd5-4352-bfeb-dc02ade6119b,shipped,2026-04-11T02:36:00.000Z
604656a4-0340-4bc7-b124-440991dada8b,e797c02f-f52a-44bb-846a-9005e30395a9,confirmed,2026-04-11T02:52:00.000Z
7a0ca179-574d-4021-80b2-84243d9461af,51cd5e8e-6238-447a-b8f0-d4c73e6d1a38,shipped,2026-04-11T03:24:00.000Z
4e72b68a-000b-48ae-880d-f570ecbddc3c,fa721aaa-c24b-446e-bbeb-459ac6888907,confirmed,2026-04-11T04:26:00.000Z
f46451cb-ead3-4927-af8b-90379a13bdf5,ec77e503-66b4-4302-a925-8453cb648371,shipped,2026-04-11T04:41:00.000Z
971fdc52-0bac-42d2-864b-2f7b0bd7448f,34800959-c7eb-4ed1-aa12-4cd3cecc8f64,confirmed,2026-04-11T06:57:00.000Z
838836fa-97f9-469f-a241-05378b10fb1f,6a9dccda-738d-44c9-90a6-6e898aceb0ad,delivered,2026-04-11T08:21:00.000Z
8cd275b0-df89-4577-8292-59f118d8c190,0bc07c77-e002-428e-8b9d-f9cb7e1488de,draft,2026-04-11T09:56:00.000Z
b374849a-642d-4e07-a6a6-36035232fade,0bc07c77-e002-428e-8b9d-f9cb7e1488de,submitted,2026-04-11T10:18:00.000Z
a4a4ea3f-073c-4835-9f20-f7cd2be6a56f,91cb7f19-b5db-4b2f-ad36-5db1634d8993,delivered,2026-04-11T11:20:00.000Z
3b28c992-713b-4e64-9a22-246a9788c609,cfcd9289-5b87-4b69-910c-90ac4caead37,shipped,2026-04-11T12:10:00.000Z
c76ad740-f9c6-47ef-a8aa-8e4c3ea612e5,b0d19af4-a064-46d1-93e8-39615191adfa,delivered,2026-04-11T12:40:00.000Z
1e7b7e2a-d83c-4088-8317-a8b517340aef,0bc07c77-e002-428e-8b9d-f9cb7e1488de,confirmed,2026-04-11T13:18:00.000Z
987d3526-333f-47d2-a2d0-e05f719de3c8,564a97fc-4b93-40a5-af47-767b8ed2fb16,draft,2026-04-11T13:27:00.000Z
fcb95691-1731-4d40-8ece-e0f473b589be,564a97fc-4b93-40a5-af47-767b8ed2fb16,submitted,2026-04-11T13:55:00.000Z
0fd32923-b6d7-4b6b-a587-e639a36f59af,1f71a176-4adc-4906-8d9f-1a85965ea658,draft,2026-04-11T14:23:00.000Z
46b0b985-cf8a-4b54-abe5-0d934c27c83c,1f71a176-4adc-4906-8d9f-1a85965ea658,submitted,2026-04-11T14:45:00.000Z
2bdf9c73-003f-46fe-a12d-f5a96798fd6f,2d9bc0ee-fd82-4715-8d74-e481439778cd,shipped,2026-04-11T15:14:00.000Z
8ca0ba04-df28-46a5-a2e9-71c274319247,564a97fc-4b93-40a5-af47-767b8ed2fb16,confirmed,2026-04-11T15:55:00.000Z
724a468d-1ca8-4d07-8af9-352e98b2788d,8fb24ffa-fc5a-4e99-b104-321c1e6c56d9,draft,2026-04-11T16:45:00.000Z
6c84d03e-45cd-472e-8fa8-54ec88f976ff,8fb24ffa-fc5a-4e99-b104-321c1e6c56d9,submitted,2026-04-11T17:14:00.000Z
dab15d5c-a6d2-4809-8be8-0d172e5b18eb,21c83608-b96e-49d2-8064-0c33ec00b577,draft,2026-04-11T18:12:00.000Z
c6f6d8a3-cc11-41f6-8de1-24bd817ca5bf,8104f344-9d66-4a68-a5f5-a416b223753f,draft,2026-04-11T18:19:00.000Z
26a6e7f6-5814-4f06-b2ad-fd550d6ee205,8104f344-9d66-4a68-a5f5-a416b223753f,submitted,2026-04-11T18:28:00.000Z
dfa72bc1-d4d8-4d29-924c-a22a3efa6a39,21c83608-b96e-49d2-8064-0c33ec00b577,submitted,2026-04-11T18:30:00.000Z
12e26297-5f42-43bb-9680-ff5b35d25863,06b0465d-e165-4e26-b185-2850385eaef1,draft,2026-04-11T18:49:00.000Z
cbb07c3c-f2f7-4f29-8de1-03f6199aaa9d,06b0465d-e165-4e26-b185-2850385eaef1,submitted,2026-04-11T19:01:00.000Z
b54c9158-1fb4-4bff-8f6f-09ed87e8d666,25cc3b5f-ef44-4c56-aae2-0a8c868db20e,draft,2026-04-11T19:16:00.000Z
4b638878-22f6-4e83-a1fe-0c2be635b390,e95941ff-256d-41d2-9a03-5d1b86d9d517,shipped,2026-04-11T19:46:00.000Z
364b666d-3509-4e99-b323-b7dc3ba0a03d,25cc3b5f-ef44-4c56-aae2-0a8c868db20e,submitted,2026-04-11T19:46:00.000Z
7632a8ad-f091-4d01-8a23-a0239351b3f1,debc9780-0339-45cf-9e59-c8650c6b064e,draft,2026-04-11T20:30:00.000Z
d20a7932-ec2c-48b9-a224-531516ea9c78,1f71a176-4adc-4906-8d9f-1a85965ea658,confirmed,2026-04-11T20:45:00.000Z
64062b81-f031-47c8-b0a1-b68885f72a77,debc9780-0339-45cf-9e59-c8650c6b064e,submitted,2026-04-11T20:49:00.000Z
5a9d0550-cfe7-42a8-8409-f13c2fe4e933,5814da44-382a-49a3-acdc-6c6ca88bc502,draft,2026-04-11T21:26:00.000Z
5d983087-d93a-4030-b3fd-24752be7c126,25cc3b5f-ef44-4c56-aae2-0a8c868db20e,confirmed,2026-04-11T21:46:00.000Z
e632a6bb-285c-4ba0-9822-486b518723db,5814da44-382a-49a3-acdc-6c6ca88bc502,submitted,2026-04-11T21:53:00.000Z
2b23a774-e7d0-4e0d-80ab-5c04bb7f6e70,8104f344-9d66-4a68-a5f5-a416b223753f,confirmed,2026-04-12T01:28:00.000Z
1cf8886f-39f5-43ab-8aaf-f76d072a4d49,5814da44-382a-49a3-acdc-6c6ca88bc502,confirmed,2026-04-12T01:53:00.000Z
ed859515-95ad-43a3-9838-15b35f8a2d51,e797c02f-f52a-44bb-846a-9005e30395a9,shipped,2026-04-12T02:52:00.000Z
7bc0bf9b-592f-4763-92ba-07695a255b02,ba033147-c857-4fc1-a780-4cff2e526c59,shipped,2026-04-12T03:08:00.000Z
dc06cdaf-45f5-4b99-9ff0-602ed0ccaa3b,5d2631e2-96c2-4139-ad94-0579517f0a3b,shipped,2026-04-12T03:13:00.000Z
493ce7a2-30d1-4f77-bd51-94f4f92606aa,21c83608-b96e-49d2-8064-0c33ec00b577,confirmed,2026-04-12T03:30:00.000Z
1c5f0377-e5df-4a79-a9b7-2a5c23ffdfc1,06b0465d-e165-4e26-b185-2850385eaef1,confirmed,2026-04-12T04:01:00.000Z
ab0d8cf0-36d4-468e-b8d9-ef4baad105a0,8fb24ffa-fc5a-4e99-b104-321c1e6c56d9,confirmed,2026-04-12T04:14:00.000Z
7ae6fe45-e5aa-4197-809b-b88cfb78e2ea,499de55c-4418-4e81-a80a-30b2217beb6f,shipped,2026-04-12T04:44:00.000Z
844b2219-2130-429d-bc6c-d0e556822771,08946eba-0898-476f-94be-8dc840765a47,delivered,2026-04-12T05:15:00.000Z
eb778ad8-c8e8-4fa1-9ec9-5eb34768f294,4abea5e6-3d37-44d7-8e9f-8a7813001304,shipped,2026-04-12T05:58:00.000Z
caf146ce-71bd-46e1-a9a1-c58579168b1f,75ff30d6-17f4-498a-9d5f-f72973a48dda,shipped,2026-04-12T06:20:00.000Z
651ac8f9-a2ed-44bf-b788-8ccb50fd4b81,c4ccdcc3-b8db-403f-b667-0e31107360af,delivered,2026-04-12T08:02:00.000Z
7f2e2e9e-585a-4961-a2fb-b06aae32b98d,debc9780-0339-45cf-9e59-c8650c6b064e,confirmed,2026-04-12T08:49:00.000Z
693b1647-2bda-480e-9197-888091f96f9f,b3b2fc49-28ea-409c-a930-52c0231adfd2,delivered,2026-04-12T10:03:00.000Z
9a16a338-1646-4600-8a39-881657dca35e,02e79fae-1b8d-4273-a895-a3690aebea47,draft,2026-04-12T11:39:00.000Z
f9f164f1-b9b4-427d-84c6-51a1fc924611,02e79fae-1b8d-4273-a895-a3690aebea47,submitted,2026-04-12T11:53:00.000Z
50ca901a-ce3a-4027-866c-0205786a2087,5fc3e4ec-36cb-4ae0-a881-5939490ff647,shipped,2026-04-12T15:53:00.000Z
b25e31aa-db4a-4d64-a884-16b7425cd321,02e79fae-1b8d-4273-a895-a3690aebea47,confirmed,2026-04-12T16:53:00.000Z
8b11d7b6-726f-42f9-8f11-29b1d4c47627,2d3d8cd1-ee66-4e68-aed0-51e608be99dd,draft,2026-04-12T19:25:00.000Z
1e9ae6d6-5c3d-4e55-96cb-4ebfca87823a,2d3d8cd1-ee66-4e68-aed0-51e608be99dd,submitted,2026-04-12T19:32:00.000Z
c02fe8db-6ce1-46b4-a45b-e24f2c62db3e,f4654715-5cf0-4f4b-9e4c-51c7e6638c8e,delivered,2026-04-12T19:50:00.000Z
3e53e883-283d-498b-8689-f654a3e57c79,455741c9-b4a1-4aa1-a14f-2890c5d29aff,shipped,2026-04-12T20:32:00.000Z
b1d73920-aa13-4887-850f-81fdc0ebc7f6,2d3d8cd1-ee66-4e68-aed0-51e608be99dd,confirmed,2026-04-12T22:32:00.000Z
3829c6ad-0704-49ee-ab32-45b49829be48,6fbfd572-3001-48e6-ae90-0e94fec2ed77,delivered,2026-04-12T23:46:00.000Z
bbae738f-5988-4dd3-b57a-cd5a547ab324,a9e398eb-ba6a-4f2b-9582-63fd4cc9dd21,shipped,2026-04-12T23:56:00.000Z
84b2580b-00d3-41d9-a056-57e82fb888ec,f0353add-9fe1-4284-87d7-511c943b642e,shipped,2026-04-13T04:38:00.000Z
d9375366-040b-4df8-a6d2-94a98ae2e199,5814da44-382a-49a3-acdc-6c6ca88bc502,shipped,2026-04-13T05:53:00.000Z
3920029b-d808-454e-8582-f19c3efc0710,04f32614-0937-4f24-91eb-b3586e4c42c4,shipped,2026-04-13T07:10:00.000Z
be18f5e5-f465-4fad-8278-0585d66ebd84,3bd102b3-9633-4662-bb7c-42be356d39b9,delivered,2026-04-13T08:38:00.000Z
b66881fa-46b9-4918-a2bc-9dd77393ade4,fa721aaa-c24b-446e-bbeb-459ac6888907,shipped,2026-04-13T10:26:00.000Z
6dc967fc-85fb-4281-b0b4-5dd132906ad3,debc9780-0339-45cf-9e59-c8650c6b064e,shipped,2026-04-13T10:49:00.000Z
530b1b49-cb6f-4abd-ac19-5eb3c352842f,34800959-c7eb-4ed1-aa12-4cd3cecc8f64,shipped,2026-04-13T10:57:00.000Z
8bf40367-faab-4e1a-87a0-3b09a628ca29,a5a54aea-6421-44d4-9d79-d1526a80ec03,draft,2026-04-13T11:59:00.000Z
7d0650b1-b515-442f-b6cc-df7b8f7b262c,a5a54aea-6421-44d4-9d79-d1526a80ec03,submitted,2026-04-13T12:03:00.000Z
ac477f18-2e01-435b-a09f-73d6539a277b,fe9adc87-46ba-4a8f-8ec3-0342ce58994b,delivered,2026-04-13T12:48:00.000Z
40bfc02e-b168-46ca-9119-bcf79f2ffe2f,2160daa3-66a7-4c72-9837-5eefeac937c2,draft,2026-04-13T15:08:00.000Z
b634c8ee-5b4c-4bdd-93a9-f6af746378fe,2160daa3-66a7-4c72-9837-5eefeac937c2,submitted,2026-04-13T15:15:00.000Z
eecedca5-174d-4e29-a747-4a47d45cae2f,d54fdfee-74fb-456a-aed4-05d7b02c9a1a,draft,2026-04-13T16:07:00.000Z
5bc6a874-7af3-427f-9d6c-cf3f61cff817,d54fdfee-74fb-456a-aed4-05d7b02c9a1a,submitted,2026-04-13T16:17:00.000Z
3821aec5-7fea-419b-b122-bf72621442c1,0bc07c77-e002-428e-8b9d-f9cb7e1488de,shipped,2026-04-13T16:18:00.000Z
c547add1-f2b3-4410-8378-b078f2e64cbc,858c99f4-64a2-4a42-bf61-64bd2a59ba64,delivered,2026-04-13T16:42:00.000Z
8204cd21-73c6-45c0-a7e9-5a92720091e2,feee968d-8f84-4ecb-a6f6-d964cd6f75a5,draft,2026-04-13T16:42:00.000Z
a35afe71-dd71-41a1-9d9c-fa27aa3cab07,feee968d-8f84-4ecb-a6f6-d964cd6f75a5,submitted,2026-04-13T16:47:00.000Z
053720f4-d1b6-4e1a-b464-485fab8b8612,a5a54aea-6421-44d4-9d79-d1526a80ec03,confirmed,2026-04-13T18:03:00.000Z
0fac8beb-d2c2-4c12-b5e0-7f3d51ac9a6f,9c99ceac-1b04-4424-8694-d4e83784209e,draft,2026-04-13T18:13:00.000Z
90b7fbe3-1b08-41ec-bf92-13675d7fff75,9c99ceac-1b04-4424-8694-d4e83784209e,submitted,2026-04-13T18:30:00.000Z
73af0775-71cb-47b2-af31-bbf362e25106,2579757b-ab98-447d-9412-9fe4623a8420,draft,2026-04-13T20:09:00.000Z
053e2c39-380c-425b-8b09-d9d4dcc00cd9,f75da8fb-780e-44a5-a9a5-4f988a8c2929,draft,2026-04-13T20:21:00.000Z
30764843-d67a-4979-8c06-74ffceafc92c,f75da8fb-780e-44a5-a9a5-4f988a8c2929,submitted,2026-04-13T20:33:00.000Z
0bf2fd3c-f4fc-40a8-9cbf-dee37fe94719,2579757b-ab98-447d-9412-9fe4623a8420,submitted,2026-04-13T20:38:00.000Z
3e175dae-41a6-482b-ad18-990d602dbc6d,1bac08e3-58fc-48fb-b549-041f88a0ddff,draft,2026-04-13T20:41:00.000Z
29b746fd-8489-43bb-85cf-7a61d4e7aef5,1f71a176-4adc-4906-8d9f-1a85965ea658,shipped,2026-04-13T20:45:00.000Z
aeaa7f5c-fb68-43da-ae64-fc5d1d2a7853,1bac08e3-58fc-48fb-b549-041f88a0ddff,submitted,2026-04-13T20:56:00.000Z
a7a50daa-d371-4a44-9a35-8b5e45d27c91,2d9bc0ee-fd82-4715-8d74-e481439778cd,delivered,2026-04-13T21:14:00.000Z
3437876e-fb58-4eb1-9df0-7a6646995f5a,81d4bc12-506d-41fc-8edc-a01b75d64d35,draft,2026-04-13T21:18:00.000Z
05ab24cb-1f71-4553-a6fc-9f79fce5695b,81d4bc12-506d-41fc-8edc-a01b75d64d35,submitted,2026-04-13T21:31:00.000Z
03b8b7b9-aff4-485d-81c5-ed7df4618623,2b8076ff-22dc-474a-9267-204daa364443,draft,2026-04-13T22:25:00.000Z
00e136fd-52eb-41a7-9771-d30669b1875f,f75da8fb-780e-44a5-a9a5-4f988a8c2929,confirmed,2026-04-13T22:33:00.000Z
c7086b7a-7763-4428-ab04-0eb5c680c67f,2b8076ff-22dc-474a-9267-204daa364443,submitted,2026-04-13T22:40:00.000Z
79b198a8-3bfc-4fd7-a43a-67ed3b1363f4,feee968d-8f84-4ecb-a6f6-d964cd6f75a5,confirmed,2026-04-13T22:47:00.000Z
d9adc67f-1667-4e2a-825b-35d1fd2681a7,2160daa3-66a7-4c72-9837-5eefeac937c2,confirmed,2026-04-13T23:15:00.000Z
9e319004-6a58-4ba5-8ee4-4b467639d529,d54fdfee-74fb-456a-aed4-05d7b02c9a1a,confirmed,2026-04-14T00:17:00.000Z
9a821c9a-761f-4714-962b-d4bbbf8c2b10,c74c4dd8-3a6e-4203-9209-d8919ae9f590,shipped,2026-04-14T01:23:00.000Z
9132f19d-fd4e-4bd8-830b-d48c45046d66,dae11d63-b8a5-41c4-9fe3-7d3779e31f02,shipped,2026-04-14T02:23:00.000Z
150829fe-7609-47fc-bfbb-29b90e3ca703,9c99ceac-1b04-4424-8694-d4e83784209e,confirmed,2026-04-14T02:30:00.000Z
86b1e960-e1af-42ca-aa8e-ca4100460d1f,2579757b-ab98-447d-9412-9fe4623a8420,confirmed,2026-04-14T02:38:00.000Z
a8e494bd-06f2-471d-ad68-27faf40fe07a,2b8076ff-22dc-474a-9267-204daa364443,confirmed,2026-04-14T04:40:00.000Z
9bc10072-4967-43ce-a3d1-c72441629900,21c83608-b96e-49d2-8064-0c33ec00b577,shipped,2026-04-14T05:30:00.000Z
c3e34e45-7a19-4666-afda-7259c8a24ed7,1bac08e3-58fc-48fb-b549-041f88a0ddff,confirmed,2026-04-14T05:56:00.000Z
e32199df-b71c-4e53-9655-bf2e60aff303,ba033147-c857-4fc1-a780-4cff2e526c59,delivered,2026-04-14T08:08:00.000Z
444ba490-dd03-49b3-ad6a-d2171ee92738,81d4bc12-506d-41fc-8edc-a01b75d64d35,confirmed,2026-04-14T08:31:00.000Z
07d268ed-1e72-461f-8c74-a8486c5d5c4e,59cef52b-01c7-4b2f-9d72-9f5bdc439456,delivered,2026-04-14T08:44:00.000Z
51798236-3947-4fcc-8c8f-5554b6de2fa5,02dbd2a4-190d-4899-bf2b-c95e0cdfd9dd,draft,2026-04-14T09:54:00.000Z
e358d93b-3264-4a32-904e-fd17dc94df65,02dbd2a4-190d-4899-bf2b-c95e0cdfd9dd,submitted,2026-04-14T10:05:00.000Z
e5aec2b4-cdbc-466e-ac26-0a401a8bb6f4,8fb24ffa-fc5a-4e99-b104-321c1e6c56d9,shipped,2026-04-14T10:14:00.000Z
8e42b9dc-d018-4995-9785-481f6427df87,b9b9cf93-5368-4b3b-a3d5-3bd1f9185bbf,draft,2026-04-14T14:09:00.000Z
94a517b6-082d-4892-aecb-700e2d8bc57a,b9b9cf93-5368-4b3b-a3d5-3bd1f9185bbf,submitted,2026-04-14T14:39:00.000Z
b634b965-1236-4af5-b5e4-c36be21b6fea,cfcd9289-5b87-4b69-910c-90ac4caead37,delivered,2026-04-14T17:10:00.000Z
b6089b3e-6366-4f7f-8873-da93ed94b65f,17f72bd0-157f-4085-b19d-299faf981486,draft,2026-04-14T17:30:00.000Z
dc631e84-eb61-4421-bf92-a0feb62460f8,c6d59dec-ad2b-41ed-a322-ed06e059f14e,draft,2026-04-14T17:51:00.000Z
d0e1914b-0522-44a6-ae7a-1bfc00851587,17f72bd0-157f-4085-b19d-299faf981486,submitted,2026-04-14T17:55:00.000Z
011ced7b-8e22-4939-a399-ac68204732f0,27631959-3b3f-4cd0-9bbe-5786a170a415,draft,2026-04-14T18:09:00.000Z
ccc033ab-e8f7-40bc-a9f3-0da47e3c0534,27631959-3b3f-4cd0-9bbe-5786a170a415,submitted,2026-04-14T18:12:00.000Z
3d308195-88a1-4e3e-b881-f0ead10d4567,b668b6f3-1f95-4d72-82e3-9332c88175ec,draft,2026-04-14T18:12:00.000Z
bae2d88d-c946-47d7-91b9-ec2a964cfb69,b668b6f3-1f95-4d72-82e3-9332c88175ec,submitted,2026-04-14T18:14:00.000Z
0d197f90-3105-42d5-a148-8f3e0286b905,c6d59dec-ad2b-41ed-a322-ed06e059f14e,submitted,2026-04-14T18:18:00.000Z
adcdf098-402f-4795-bef8-e9df1a521dc9,68b9fd5d-bcec-4a98-b38b-da01f21fef60,draft,2026-04-14T18:53:00.000Z
32cc87a7-ab5e-4e55-9d96-d82c6188eee7,68b9fd5d-bcec-4a98-b38b-da01f21fef60,submitted,2026-04-14T19:16:00.000Z
ada7dbc7-780e-49d9-9f73-a749c8047703,660b4b8f-2731-4d65-97d3-630051132e85,delivered,2026-04-14T19:49:00.000Z
d3d48e5a-38f8-4a45-b8ee-4de7972923ba,d12acda8-74df-49c7-b3a0-3c1b1db27c09,draft,2026-04-14T19:53:00.000Z
8cd7a374-fa15-4d1a-bb7d-80255ecbde88,564a97fc-4b93-40a5-af47-767b8ed2fb16,shipped,2026-04-14T19:55:00.000Z
a4f60b13-c0b5-4ff8-b032-887ed868c025,d12acda8-74df-49c7-b3a0-3c1b1db27c09,submitted,2026-04-14T20:03:00.000Z
b7ccf5aa-a7c8-4476-a1a3-2b7f3c7bc199,17f72bd0-157f-4085-b19d-299faf981486,confirmed,2026-04-14T20:55:00.000Z
68956746-cb91-4009-9d04-9613a1899e95,27631959-3b3f-4cd0-9bbe-5786a170a415,confirmed,2026-04-14T21:12:00.000Z
c17bb2d9-ff01-466e-905e-797429327b68,0c339812-f4c2-4fa2-9b12-532b281100ef,draft,2026-04-14T21:43:00.000Z
d778c153-7866-493f-9309-4dfd017ee8a7,0c339812-f4c2-4fa2-9b12-532b281100ef,submitted,2026-04-14T22:00:00.000Z
77a7342d-0be5-470d-90f3-3de25633568e,02dbd2a4-190d-4899-bf2b-c95e0cdfd9dd,confirmed,2026-04-14T22:05:00.000Z
53dea651-0aef-4b8c-8ec4-0692b57d76c3,9fee0040-9b11-4490-9173-2a9c2524ab56,draft,2026-04-14T22:08:00.000Z
f1ab051a-989e-4a63-82da-a244e414d57f,9fee0040-9b11-4490-9173-2a9c2524ab56,submitted,2026-04-14T22:29:00.000Z
fb0ded19-3e5e-4c71-94a8-ff13702960f0,feee968d-8f84-4ecb-a6f6-d964cd6f75a5,shipped,2026-04-14T22:47:00.000Z
4fe07bf9-22dc-4620-b611-083c910b2389,68b9fd5d-bcec-4a98-b38b-da01f21fef60,confirmed,2026-04-14T23:16:00.000Z
f6ff08b8-9a00-4d0b-9c47-b24157697000,b9b9cf93-5368-4b3b-a3d5-3bd1f9185bbf,confirmed,2026-04-14T23:39:00.000Z
6ea83d42-78fd-42bb-bad7-e00701a0aeec,d12acda8-74df-49c7-b3a0-3c1b1db27c09,confirmed,2026-04-15T00:03:00.000Z
a48eec1f-520b-4804-bfa3-a3079b92a04f,2d3d8cd1-ee66-4e68-aed0-51e608be99dd,shipped,2026-04-15T00:32:00.000Z
1801565f-a2c9-45bf-8b53-28ff01e0a0ec,a5a54aea-6421-44d4-9d79-d1526a80ec03,shipped,2026-04-15T01:03:00.000Z
1d617560-4e36-4844-bb86-b320ad94f6b2,d54fdfee-74fb-456a-aed4-05d7b02c9a1a,shipped,2026-04-15T01:17:00.000Z
5d503257-f754-4e76-a2ed-91b9b90b9b63,e797c02f-f52a-44bb-846a-9005e30395a9,delivered,2026-04-15T02:52:00.000Z
fb37e2b8-71a5-45a9-9dab-a33fc44d1300,b668b6f3-1f95-4d72-82e3-9332c88175ec,confirmed,2026-04-15T03:14:00.000Z
5e56e27b-71dc-4956-9b1a-fbbdfb29a9ba,25cc3b5f-ef44-4c56-aae2-0a8c868db20e,shipped,2026-04-15T03:46:00.000Z
70e5bd50-5bad-44c4-85d2-a2c826aa86f3,c6d59dec-ad2b-41ed-a322-ed06e059f14e,confirmed,2026-04-15T04:18:00.000Z
45558793-61ec-4b63-8dae-9a1fa3981ae5,f0353add-9fe1-4284-87d7-511c943b642e,delivered,2026-04-15T04:38:00.000Z
f24ca9bb-ba77-48df-8578-6c55bbde01c8,4609b188-403f-4656-8643-3ca1ac4a11cf,draft,2026-04-15T05:23:00.000Z
74181365-ca76-4a0d-9d61-f48f2926f96d,9fee0040-9b11-4490-9173-2a9c2524ab56,confirmed,2026-04-15T05:29:00.000Z
932fb7ca-6ca0-425b-a258-458085edf8ea,ec77e503-66b4-4302-a925-8453cb648371,delivered,2026-04-15T05:41:00.000Z
6493bedb-4ebe-4cab-ad29-2e679667dae4,4609b188-403f-4656-8643-3ca1ac4a11cf,submitted,2026-04-15T05:43:00.000Z
079d15f4-cef3-448d-b179-2ad259a35dd0,8104f344-9d66-4a68-a5f5-a416b223753f,shipped,2026-04-15T09:28:00.000Z
7e1884b0-f2f9-41cc-b5e0-130da9c09cb1,d7314882-aa61-4471-b8e8-a8097d7ee184,draft,2026-04-15T09:35:00.000Z
e93d90e0-3e43-4a05-970a-89811534388c,d7314882-aa61-4471-b8e8-a8097d7ee184,submitted,2026-04-15T09:44:00.000Z
22adb4ea-d5ff-4460-bd43-a6ccf88a98b4,0c339812-f4c2-4fa2-9b12-532b281100ef,confirmed,2026-04-15T10:00:00.000Z
1ade5e93-ead2-455d-bb99-4b5bef7dacea,5d2631e2-96c2-4139-ad94-0579517f0a3b,delivered,2026-04-15T10:13:00.000Z
2c6ddc42-2321-4d80-a5bd-5daa014a3bbc,9c99ceac-1b04-4424-8694-d4e83784209e,shipped,2026-04-15T10:30:00.000Z
60147204-0174-4d71-aa36-5158c8de0d10,a7a70f0b-b494-4c2e-9bb7-21045b027b0d,draft,2026-04-15T10:55:00.000Z
cbc8185d-5c37-47a8-9c12-d91dae108700,a7a70f0b-b494-4c2e-9bb7-21045b027b0d,submitted,2026-04-15T10:57:00.000Z
e936f16d-00db-4bb3-8555-2de4d9c8d002,06b0465d-e165-4e26-b185-2850385eaef1,shipped,2026-04-15T12:01:00.000Z
db98811d-ba2d-4764-a080-ee108c7b1c8e,04f32614-0937-4f24-91eb-b3586e4c42c4,delivered,2026-04-15T12:10:00.000Z
77c712a0-5835-4404-af78-3997a96a9aad,2da615f1-cd7b-4708-858a-8a38c48571f6,draft,2026-04-15T12:23:00.000Z
c559a462-cdbe-41aa-87ed-9ae9654254d3,9efbb9c1-1279-40b0-82fb-11ee549a38c4,draft,2026-04-15T12:45:00.000Z
e5a12b7f-517e-4187-a558-8479fee850f3,2da615f1-cd7b-4708-858a-8a38c48571f6,submitted,2026-04-15T12:50:00.000Z
9d1cd45f-7c02-43fc-adf8-37de2a73719c,9efbb9c1-1279-40b0-82fb-11ee549a38c4,submitted,2026-04-15T13:02:00.000Z
33b529bf-63b1-405a-9666-b36e6c49b824,1f4b239e-56b6-4958-89f9-a14683a264e3,delivered,2026-04-15T14:39:00.000Z
08be5e9b-7a2f-4a85-b020-3e7d7d2be504,4609b188-403f-4656-8643-3ca1ac4a11cf,confirmed,2026-04-15T14:43:00.000Z
f2824978-c6b6-4e23-a756-4a62fd76684f,499de55c-4418-4e81-a80a-30b2217beb6f,delivered,2026-04-15T14:44:00.000Z
23c063bb-97cf-4756-8cd4-93945fcc8e62,b1c60adc-9270-4a58-ac57-11bb7936cb7a,draft,2026-04-15T15:25:00.000Z
33d4086d-e658-420e-8cd9-6d25cfb6a11e,b1c60adc-9270-4a58-ac57-11bb7936cb7a,submitted,2026-04-15T15:39:00.000Z
7b22d0c8-ac3c-414c-8c41-d2af62b60c2c,9efbb9c1-1279-40b0-82fb-11ee549a38c4,confirmed,2026-04-15T16:02:00.000Z
03c8fb61-5b4b-4081-a2f2-cb95a03bc830,81d4bc12-506d-41fc-8edc-a01b75d64d35,shipped,2026-04-15T16:31:00.000Z
aec6f1ef-8237-4481-9a5e-12f4c9873cdd,5f7bde57-6210-40fe-8224-0a5d22aa7b50,draft,2026-04-15T16:45:00.000Z
437fda20-c983-4c12-b50c-c290a9e163fc,5f7bde57-6210-40fe-8224-0a5d22aa7b50,submitted,2026-04-15T17:13:00.000Z
c542924a-fb62-42c3-8e95-460bc1c33018,d7314882-aa61-4471-b8e8-a8097d7ee184,confirmed,2026-04-15T17:44:00.000Z
e17012cc-f456-4c00-9610-13c3e2ada928,02e79fae-1b8d-4273-a895-a3690aebea47,shipped,2026-04-15T17:53:00.000Z
f5edd7fc-7f7d-499b-8470-f34c642ac653,a7a70f0b-b494-4c2e-9bb7-21045b027b0d,confirmed,2026-04-15T19:57:00.000Z
6541477e-9b74-4989-928c-83df34b02dbf,1f71a176-4adc-4906-8d9f-1a85965ea658,delivered,2026-04-15T20:45:00.000Z
8592d665-2a6d-4745-adee-0ec5daf9de63,b60d8541-e90b-4103-93f6-9e973ba1d3e4,draft,2026-04-15T22:06:00.000Z
ec590ed2-1e99-4828-8fca-baa0c9f2f479,5f7bde57-6210-40fe-8224-0a5d22aa7b50,confirmed,2026-04-15T22:13:00.000Z
08154e67-3e21-423f-9cdb-27fb6cb7694d,b60d8541-e90b-4103-93f6-9e973ba1d3e4,submitted,2026-04-15T22:34:00.000Z
7e333bce-da03-45f0-8cc7-72bdaa42733a,2da615f1-cd7b-4708-858a-8a38c48571f6,confirmed,2026-04-15T22:50:00.000Z
10d0fad1-6bf3-49f0-9ea5-1e8528a9bd5c,17f72bd0-157f-4085-b19d-299faf981486,shipped,2026-04-15T22:55:00.000Z
07691668-2a13-498e-a838-58dd68a94842,a3af45b8-344c-45a1-92c2-5540366d6658,draft,2026-04-15T23:19:00.000Z
b5a29453-8c80-40de-97e3-7d08e87c34e6,a3af45b8-344c-45a1-92c2-5540366d6658,submitted,2026-04-15T23:45:00.000Z
1ae78710-b0fd-4d59-8373-b248ff38007d,2160daa3-66a7-4c72-9837-5eefeac937c2,shipped,2026-04-16T01:15:00.000Z
8d5ea811-fa3c-4112-a0f4-8fceb63ed830,b60d8541-e90b-4103-93f6-9e973ba1d3e4,confirmed,2026-04-16T01:34:00.000Z
25a06448-ab01-4695-ab44-4a74040425ab,5fc3e4ec-36cb-4ae0-a881-5939490ff647,delivered,2026-04-16T01:53:00.000Z
dbdab3e7-0580-4461-9e38-834c7b860600,b1c60adc-9270-4a58-ac57-11bb7936cb7a,confirmed,2026-04-16T02:39:00.000Z
a16b6fd4-98e5-4942-bd82-1d0c32074c1a,c6d59dec-ad2b-41ed-a322-ed06e059f14e,shipped,2026-04-16T05:18:00.000Z
76d9a444-99b4-42e3-b0da-e451598cfcf5,c6fff2a6-d1f0-43a4-bbb2-09ebfbaeb019,draft,2026-04-16T09:23:00.000Z
9da3314a-0fd1-4886-bf9e-157f08807c1e,c6fff2a6-d1f0-43a4-bbb2-09ebfbaeb019,submitted,2026-04-16T09:27:00.000Z
e5bdbdf3-8186-4f2c-9025-8848af9a748f,9fee0040-9b11-4490-9173-2a9c2524ab56,shipped,2026-04-16T09:29:00.000Z
3834c6f1-cb3c-4391-830b-043218531de6,a3af45b8-344c-45a1-92c2-5540366d6658,confirmed,2026-04-16T09:45:00.000Z
b70cb845-1b61-4068-b3a9-a6fa2970f1b2,51cd5e8e-6238-447a-b8f0-d4c73e6d1a38,delivered,2026-04-16T10:24:00.000Z
69d67a14-9280-4f33-9baa-af552db6bda9,54ed0603-9388-42df-9a8f-abeb4a7bda29,draft,2026-04-16T10:49:00.000Z
6e5b52ca-6dae-4ab0-95c6-7c50e37159ba,54ed0603-9388-42df-9a8f-abeb4a7bda29,submitted,2026-04-16T11:01:00.000Z
915bee30-9c90-4a22-8b3e-7350d5cb582c,79086fdb-f92c-4343-acf1-a7def282aa27,draft,2026-04-16T11:14:00.000Z
d8d033fb-978c-4ea6-820d-214f624d1bbe,79086fdb-f92c-4343-acf1-a7def282aa27,submitted,2026-04-16T11:34:00.000Z
2866b287-c958-4e29-8124-86bbe59445dd,90f4e7eb-4cd5-4352-bfeb-dc02ade6119b,delivered,2026-04-16T11:36:00.000Z
02d3743e-2505-4a99-8992-1ff7dd0459c8,1bac08e3-58fc-48fb-b549-041f88a0ddff,shipped,2026-04-16T11:56:00.000Z
17258e9f-4a55-4908-ae4e-d659ec6f5294,d2f6f3a2-f692-4013-b75c-01ef59d3a2ac,draft,2026-04-16T12:43:00.000Z
761ec9ef-e339-4112-9603-d8f90e4ffc31,d2f6f3a2-f692-4013-b75c-01ef59d3a2ac,submitted,2026-04-16T12:51:00.000Z
ec000335-1b99-4d30-9517-a15d8d06c589,79086fdb-f92c-4343-acf1-a7def282aa27,confirmed,2026-04-16T15:34:00.000Z
250d16a1-e4b1-40f8-976a-2ccc66a6d46f,16ffc6d7-2b58-4ce3-a714-dee0c759d0c7,draft,2026-04-16T15:48:00.000Z
4618ae08-1b19-4296-aa21-cf656274f440,16ffc6d7-2b58-4ce3-a714-dee0c759d0c7,submitted,2026-04-16T15:50:00.000Z
1ecf7feb-48ba-4da9-8677-c4074c49a920,54ed0603-9388-42df-9a8f-abeb4a7bda29,confirmed,2026-04-16T16:01:00.000Z
4d9e458c-3a08-4531-b4af-62871b5da6bb,059a3294-e655-457d-8fc5-0b3b77b6575a,draft,2026-04-16T17:07:00.000Z
4aed11f9-247d-43ed-ab73-9fb09ca6b4a8,059a3294-e655-457d-8fc5-0b3b77b6575a,submitted,2026-04-16T17:09:00.000Z
1956c915-1d68-40ab-9c3a-90061ef383b8,69541496-ab7e-4f9f-aa45-eaad394e33bc,draft,2026-04-16T17:33:00.000Z
c9d6f9f1-540c-46b0-9af3-2169d605098a,f4ef5677-3749-468d-b2a0-17cb8f9745a7,draft,2026-04-16T17:46:00.000Z
ee9fb65d-c12e-4b36-90f5-b0055bd60b46,16ffc6d7-2b58-4ce3-a714-dee0c759d0c7,confirmed,2026-04-16T17:50:00.000Z
d5f0005a-b4fd-479c-967a-7f8081e6e4cf,69541496-ab7e-4f9f-aa45-eaad394e33bc,submitted,2026-04-16T17:50:00.000Z
18a3f6b9-2b12-45ef-a2e1-312eaca4aa86,f4ef5677-3749-468d-b2a0-17cb8f9745a7,submitted,2026-04-16T17:52:00.000Z
22211ff8-494f-4929-8b79-bd85facc5df0,309df032-cc12-4937-ba44-e9159ddcdee6,draft,2026-04-16T18:24:00.000Z
b278eed4-73f1-4bc8-9951-e2553d50d358,309df032-cc12-4937-ba44-e9159ddcdee6,submitted,2026-04-16T18:52:00.000Z
02337945-ee4a-4cd4-aab1-9938c6723df0,c6fff2a6-d1f0-43a4-bbb2-09ebfbaeb019,confirmed,2026-04-16T20:27:00.000Z
214d88d6-127a-42bf-8a86-82c57ec8af94,f4ef5677-3749-468d-b2a0-17cb8f9745a7,confirmed,2026-04-16T20:52:00.000Z
686cbb6f-5964-44b7-abee-a628d997e5f0,309df032-cc12-4937-ba44-e9159ddcdee6,cancelled,2026-04-16T20:52:00.000Z
4f0d0316-ea8a-412e-bf3c-6d00c05603b9,025efa8c-8751-4645-90f0-9cc99d09db30,draft,2026-04-16T21:36:00.000Z
e5bfe6eb-0b92-43e6-9c65-95e26d50d93a,025efa8c-8751-4645-90f0-9cc99d09db30,submitted,2026-04-16T21:42:00.000Z
6a16fe21-d64e-4d71-8348-2fc3c37d9be5,e95941ff-256d-41d2-9a03-5d1b86d9d517,delivered,2026-04-16T21:46:00.000Z
4fbe31d9-788b-41c8-9953-a63aafe4b010,ac400842-cec5-470d-ad4d-8270f2dc94f4,draft,2026-04-16T21:47:00.000Z
f88b96f6-96fc-47ee-9a8e-929d2193ca3d,455aec2f-fa40-4e88-a926-e0a177a9533e,draft,2026-04-16T22:03:00.000Z
9e09c21f-9316-4543-b59e-e57d11c5db69,455aec2f-fa40-4e88-a926-e0a177a9533e,submitted,2026-04-16T22:10:00.000Z
cbad6a82-969e-4aba-8d2f-72ba7f154709,ac400842-cec5-470d-ad4d-8270f2dc94f4,submitted,2026-04-16T22:15:00.000Z
5eed1b41-85e8-4a1b-a517-a0e03d3fe017,f75da8fb-780e-44a5-a9a5-4f988a8c2929,shipped,2026-04-16T22:33:00.000Z
1505ca5d-e00b-42da-858e-5e2879e1a53c,d7314882-aa61-4471-b8e8-a8097d7ee184,shipped,2026-04-16T22:44:00.000Z
fa5a7f80-61cf-4202-9f4b-4b82434f90f9,02dbd2a4-190d-4899-bf2b-c95e0cdfd9dd,shipped,2026-04-16T23:05:00.000Z
9f4afd2a-7359-4f4b-9984-f5f9da76c7d5,455aec2f-fa40-4e88-a926-e0a177a9533e,cancelled,2026-04-16T23:10:00.000Z
9886ad45-4c93-499a-8eb1-7fbb0e238265,d2f6f3a2-f692-4013-b75c-01ef59d3a2ac,confirmed,2026-04-16T23:51:00.000Z
4555dfaa-c0e0-4e3b-a7c8-f77b5a50d01f,059a3294-e655-457d-8fc5-0b3b77b6575a,confirmed,2026-04-17T00:09:00.000Z
c98fa34d-a8f0-4f5f-8272-d49e502f242f,27631959-3b3f-4cd0-9bbe-5786a170a415,shipped,2026-04-17T01:12:00.000Z
0b506b45-cf5a-40ed-8cf8-8919100c893b,69541496-ab7e-4f9f-aa45-eaad394e33bc,confirmed,2026-04-17T01:50:00.000Z
195840c4-ba4d-4cef-bc63-1a5fd8eb5022,b9b9cf93-5368-4b3b-a3d5-3bd1f9185bbf,shipped,2026-04-17T03:39:00.000Z
a9535a79-d623-4759-8262-25ffd42b123e,5f7bde57-6210-40fe-8224-0a5d22aa7b50,shipped,2026-04-17T04:13:00.000Z
4d1291c2-661b-4978-ac29-f78c906f75f8,ac400842-cec5-470d-ad4d-8270f2dc94f4,confirmed,2026-04-17T04:15:00.000Z
d8bffe68-44dd-4232-9c5d-b60c7ea2f5e4,feee968d-8f84-4ecb-a6f6-d964cd6f75a5,delivered,2026-04-17T05:47:00.000Z
23d738d5-d691-4e27-86a3-836ca4b08ce4,2da615f1-cd7b-4708-858a-8a38c48571f6,shipped,2026-04-17T05:50:00.000Z
35c3bb1e-8f60-4242-a33d-c9f33d45014e,5814da44-382a-49a3-acdc-6c6ca88bc502,delivered,2026-04-17T06:53:00.000Z
6fd85afb-1b87-4c4d-a2f0-2a6058eb9138,025efa8c-8751-4645-90f0-9cc99d09db30,confirmed,2026-04-17T07:42:00.000Z
72965c2c-fd52-41b9-93b6-d2d5b08c86c2,dae11d63-b8a5-41c4-9fe3-7d3779e31f02,delivered,2026-04-17T08:23:00.000Z
0fec560d-5b29-4e07-ac72-fc1b6ee078d4,2579757b-ab98-447d-9412-9fe4623a8420,shipped,2026-04-17T08:38:00.000Z
e12bba84-b5ce-4447-831b-cd5985b377d2,fa59b9c9-393b-4a3b-a267-2135152d58e0,draft,2026-04-17T09:03:00.000Z
01b39f37-37a8-45ae-83ad-a5c10867d589,fa59b9c9-393b-4a3b-a267-2135152d58e0,submitted,2026-04-17T09:24:00.000Z
770bc4c2-39c7-4a3b-b5c3-9b703506b170,25c56226-f026-449b-b0cb-7a64115c105e,draft,2026-04-17T11:06:00.000Z
6850cf25-5ed6-4f9c-87a6-b57e14100c24,25c56226-f026-449b-b0cb-7a64115c105e,submitted,2026-04-17T11:25:00.000Z
1f2def75-ff39-4219-83d4-3d2895a14290,21c83608-b96e-49d2-8064-0c33ec00b577,delivered,2026-04-17T11:30:00.000Z
36b0af84-fe01-45a8-8fbd-0cb467a0ed42,2d3d8cd1-ee66-4e68-aed0-51e608be99dd,delivered,2026-04-17T11:32:00.000Z
23878093-7a50-4eab-8abd-d859cb3e0156,2b8076ff-22dc-474a-9267-204daa364443,shipped,2026-04-17T11:40:00.000Z
7852b992-b0ed-47e6-991b-69ddf9aab62e,4abea5e6-3d37-44d7-8e9f-8a7813001304,delivered,2026-04-17T11:58:00.000Z
2b12180c-1ffd-495c-ba07-be07403ffdc8,25c56226-f026-449b-b0cb-7a64115c105e,confirmed,2026-04-17T14:25:00.000Z
1c8bb503-5363-4336-af45-65107936b64c,75ff30d6-17f4-498a-9d5f-f72973a48dda,delivered,2026-04-17T15:20:00.000Z
a7699479-8df2-4e5c-a49f-b669f8478737,fa59b9c9-393b-4a3b-a267-2135152d58e0,confirmed,2026-04-17T18:24:00.000Z
a2aef754-c5b8-4a46-9f3d-cacee92c3b83,9c99ceac-1b04-4424-8694-d4e83784209e,delivered,2026-04-17T18:30:00.000Z
fc35da3f-e19b-4b32-b437-5dfbdf144f86,4609b188-403f-4656-8643-3ca1ac4a11cf,shipped,2026-04-17T18:43:00.000Z
52d03e5b-e549-47d7-aa87-b59bb5c5666a,34800959-c7eb-4ed1-aa12-4cd3cecc8f64,delivered,2026-04-17T18:57:00.000Z
fd2cbe9d-4b3e-4697-8dbb-5826301e6162,279fed1c-754c-4f5d-9706-09e4ca37d3e6,draft,2026-04-17T21:22:00.000Z
21382dc1-0c3f-4006-911e-3ed4c2cf5924,e69badce-7d83-4e3a-9fa9-157a3a640c92,draft,2026-04-17T21:29:00.000Z
86436868-a9ac-416a-b38a-ba81675b1019,9b8d0627-004e-4406-a955-794ff622917f,draft,2026-04-17T21:29:00.000Z
62810796-eecb-4ef9-819c-e34500cc8a66,e69badce-7d83-4e3a-9fa9-157a3a640c92,submitted,2026-04-17T21:31:00.000Z
5bf98a77-df59-4a76-b263-8ce67617244f,279fed1c-754c-4f5d-9706-09e4ca37d3e6,submitted,2026-04-17T21:33:00.000Z
22527593-5be4-4d47-9e2d-7617df9fa5fd,9b8d0627-004e-4406-a955-794ff622917f,submitted,2026-04-17T21:46:00.000Z
e7ae3603-3744-4658-8f34-fb3d758fcc21,16ffc6d7-2b58-4ce3-a714-dee0c759d0c7,shipped,2026-04-17T21:50:00.000Z
2f027716-f3b0-45b7-8d5a-00a4342b1f7f,06b0465d-e165-4e26-b185-2850385eaef1,delivered,2026-04-17T23:01:00.000Z
18ab8c1f-2e33-4f23-a52b-fdaf0d3d4327,279fed1c-754c-4f5d-9706-09e4ca37d3e6,confirmed,2026-04-17T23:33:00.000Z
699a2b01-3d8d-49ad-b939-fadead1821dd,a9e398eb-ba6a-4f2b-9582-63fd4cc9dd21,delivered,2026-04-17T23:56:00.000Z
2ffe7112-9435-461a-998b-f0f18737ffdb,54ed0603-9388-42df-9a8f-abeb4a7bda29,shipped,2026-04-18T00:01:00.000Z
03725207-eb0c-4434-86cb-3c463f76e11e,d12acda8-74df-49c7-b3a0-3c1b1db27c09,shipped,2026-04-18T03:03:00.000Z
472f7f1a-ea3b-46e7-af9f-a5eb75058a56,c6d59dec-ad2b-41ed-a322-ed06e059f14e,delivered,2026-04-18T05:18:00.000Z
1832e104-33e3-4793-bd3b-bb632538d2d5,e69badce-7d83-4e3a-9fa9-157a3a640c92,confirmed,2026-04-18T05:31:00.000Z
77421826-7196-4487-87d2-8c9b0fab1fb8,2beaa3e2-028d-4136-afce-ef0c4f6479c8,draft,2026-04-18T06:00:00.000Z
47f7fb40-b2ee-4e36-bf6a-92e492a39d0d,68b9fd5d-bcec-4a98-b38b-da01f21fef60,shipped,2026-04-18T06:16:00.000Z
849eefc4-207c-4347-a0e4-6168d9cff26d,2beaa3e2-028d-4136-afce-ef0c4f6479c8,submitted,2026-04-18T06:26:00.000Z
b5adde16-7379-44db-8875-c9baceed1b80,683c0762-d486-461b-9be2-0e780f5df654,draft,2026-04-18T06:45:00.000Z
2d209f09-d4fe-40c5-a69c-1c42a94ffbfc,683c0762-d486-461b-9be2-0e780f5df654,submitted,2026-04-18T07:09:00.000Z
576b1ad8-57bf-49b2-b175-61c9d527b2b4,455741c9-b4a1-4aa1-a14f-2890c5d29aff,delivered,2026-04-18T07:32:00.000Z
1024b7b1-77dc-4e77-b970-8e0526f827df,b1c60adc-9270-4a58-ac57-11bb7936cb7a,shipped,2026-04-18T07:39:00.000Z
0342de8b-1d55-4d32-a98e-b1fc9c2c3dd0,9b8d0627-004e-4406-a955-794ff622917f,confirmed,2026-04-18T07:46:00.000Z
f8f38dde-1ce3-4b3f-91a5-9666076c4f5d,b668b6f3-1f95-4d72-82e3-9332c88175ec,shipped,2026-04-18T09:14:00.000Z
18bf2e54-2b7c-4c17-888b-a9f91473261f,a96e5311-f874-4d07-b641-1c2d1b6cfc62,draft,2026-04-18T10:01:00.000Z
1b7dc48d-58b8-41b8-a2ed-ebe59491a7a0,4f820a69-c5bc-48c1-9162-2f6e4153c2ec,draft,2026-04-18T10:21:00.000Z
dd10ec7c-1e39-460e-9a8b-1515f9c817e9,a96e5311-f874-4d07-b641-1c2d1b6cfc62,submitted,2026-04-18T10:25:00.000Z
c213c813-93bf-4619-b0f5-74757528a9ee,4f820a69-c5bc-48c1-9162-2f6e4153c2ec,submitted,2026-04-18T10:39:00.000Z
7b167bc5-3bf2-4e78-b843-20dad142089d,c74c4dd8-3a6e-4203-9209-d8919ae9f590,delivered,2026-04-18T11:23:00.000Z
1c6c442d-8102-489e-8e8b-84dbe614487e,f5665bad-f4fb-4ffb-9362-912900f1b04d,draft,2026-04-18T11:36:00.000Z
c3ada7bb-a61b-4077-bab3-9a7732534774,30ad5762-80a0-4bbf-bcdb-667be00626c6,draft,2026-04-18T11:46:00.000Z
466b734f-8221-417e-89f4-f2378e6018cb,f5665bad-f4fb-4ffb-9362-912900f1b04d,submitted,2026-04-18T11:50:00.000Z
4a3ff075-2f1e-4b4c-ba06-d84c59d7ca1a,30ad5762-80a0-4bbf-bcdb-667be00626c6,submitted,2026-04-18T11:56:00.000Z
50a9ea31-8286-415c-9d34-159bd06d1a06,4f820a69-c5bc-48c1-9162-2f6e4153c2ec,confirmed,2026-04-18T12:39:00.000Z
8b84d783-9c95-47fa-a58e-321422fc2984,aef36cda-c3d7-41e3-88ca-b7a104aa360b,draft,2026-04-18T13:25:00.000Z
6727ff4a-cf2e-449a-9be1-a4c5efeae5ed,fa721aaa-c24b-446e-bbeb-459ac6888907,delivered,2026-04-18T13:26:00.000Z
f50a225a-8c31-465a-98e9-46b592d08dee,aef36cda-c3d7-41e3-88ca-b7a104aa360b,submitted,2026-04-18T13:28:00.000Z
40a40fd9-afe1-477f-80cb-cf3300630146,f5665bad-f4fb-4ffb-9362-912900f1b04d,confirmed,2026-04-18T13:50:00.000Z
4ccf5de6-7776-4d2f-b214-271cdcbe9605,0c339812-f4c2-4fa2-9b12-532b281100ef,shipped,2026-04-18T15:00:00.000Z
e02017f7-f5f2-49b1-a066-7894c7f79856,11604570-af89-4858-bb43-7881d687a770,draft,2026-04-18T15:13:00.000Z
5dbbaa72-e371-404a-84b6-5791b975f451,11604570-af89-4858-bb43-7881d687a770,submitted,2026-04-18T15:19:00.000Z
775c4649-e46e-4c98-a733-edb831b355fe,074f882e-43a6-4551-9313-2e634947fd19,draft,2026-04-18T15:28:00.000Z
012adbdd-ce6d-4eac-9bb3-b30f97e29214,074f882e-43a6-4551-9313-2e634947fd19,submitted,2026-04-18T15:35:00.000Z
d351414b-1f74-444d-9b8f-6832d5114c6d,debc9780-0339-45cf-9e59-c8650c6b064e,delivered,2026-04-18T15:49:00.000Z
af587e0b-6eaf-4512-ba4b-1cfeaddf4a49,89dd79ae-b513-4260-aa6f-05c3f7e7023b,draft,2026-04-18T16:33:00.000Z
91a9a4ec-3506-4d6b-bdc9-d8fc2b28c0b6,89dd79ae-b513-4260-aa6f-05c3f7e7023b,submitted,2026-04-18T16:52:00.000Z
7ab57a00-b3c4-4832-8c81-9723cd100a8b,683c0762-d486-461b-9be2-0e780f5df654,confirmed,2026-04-18T17:09:00.000Z
d6739d27-c296-4bb4-8b15-358fa5fe0236,2beaa3e2-028d-4136-afce-ef0c4f6479c8,confirmed,2026-04-18T17:26:00.000Z
88ba0e9b-d38e-4708-b247-dc0645eadd9e,79086fdb-f92c-4343-acf1-a7def282aa27,shipped,2026-04-18T17:34:00.000Z
fc449b0a-d283-4efe-8646-2066adc0400a,0833c798-d460-46bb-b69c-6cf7ef9dc5d4,draft,2026-04-18T17:54:00.000Z
699a0fb4-58e5-4b94-83fb-1321894f0586,0833c798-d460-46bb-b69c-6cf7ef9dc5d4,submitted,2026-04-18T18:03:00.000Z
add7fbee-15f9-42be-aaa0-a4a3bf891dfe,a427fe08-eb14-4e43-aecb-46190de46ee9,draft,2026-04-18T18:17:00.000Z
fc66dda5-7b74-4877-abcc-293d73c326ad,a427fe08-eb14-4e43-aecb-46190de46ee9,submitted,2026-04-18T18:24:00.000Z
2aa85741-8b12-4683-b7d5-09a742c97616,5b8b3350-4c34-4740-844e-98621c693ce7,draft,2026-04-18T19:32:00.000Z
37a9a020-69ab-4f49-9569-5e8af1b4bd7d,a7a70f0b-b494-4c2e-9bb7-21045b027b0d,shipped,2026-04-18T19:57:00.000Z
5c26315a-5741-40e1-9ef2-f16335f38fd8,5b8b3350-4c34-4740-844e-98621c693ce7,submitted,2026-04-18T20:00:00.000Z
75e28703-1851-4b8a-8fba-3fcb2eefc59c,9efbb9c1-1279-40b0-82fb-11ee549a38c4,shipped,2026-04-18T20:02:00.000Z
85bf13fd-72d9-455c-a5f6-50257373102c,0bc07c77-e002-428e-8b9d-f9cb7e1488de,delivered,2026-04-18T20:18:00.000Z
55d57e12-4df5-49d4-ad50-319fcc9454c9,30ad5762-80a0-4bbf-bcdb-667be00626c6,confirmed,2026-04-18T20:56:00.000Z
a5af5c89-68d4-4ed8-948e-54e0614b95b5,8fb24ffa-fc5a-4e99-b104-321c1e6c56d9,delivered,2026-04-18T21:14:00.000Z
9f2f5cf1-f8c4-45e2-80bd-d513579b7111,a96e5311-f874-4d07-b641-1c2d1b6cfc62,confirmed,2026-04-18T21:25:00.000Z
a21179a6-ff70-47f0-9060-5a5841d42101,aef36cda-c3d7-41e3-88ca-b7a104aa360b,confirmed,2026-04-18T21:28:00.000Z
b34047a1-e4cb-46ed-8dba-bc211b9c801f,0833c798-d460-46bb-b69c-6cf7ef9dc5d4,confirmed,2026-04-18T22:03:00.000Z
98817298-2e0a-41e8-9b36-78460f3c4f2e,a427fe08-eb14-4e43-aecb-46190de46ee9,confirmed,2026-04-18T22:24:00.000Z
33e5cf5b-9ac2-4d24-a907-593a2daae993,89dd79ae-b513-4260-aa6f-05c3f7e7023b,confirmed,2026-04-18T22:52:00.000Z
7c1f57b7-781e-4f91-a351-b76c7f21ae82,ea3327ab-56c5-4335-94ac-5216128b7f68,draft,2026-04-18T22:56:00.000Z
aa4837cc-1b2d-4757-bf7f-d89db1bae01d,5b8b3350-4c34-4740-844e-98621c693ce7,confirmed,2026-04-18T23:00:00.000Z
a3c898f2-5168-42e8-b681-ae6c5e515b99,ea3327ab-56c5-4335-94ac-5216128b7f68,submitted,2026-04-18T23:00:00.000Z
82724488-b876-4ef0-bbec-cb1fadbf0f59,fa59b9c9-393b-4a3b-a267-2135152d58e0,shipped,2026-04-19T00:24:00.000Z
17fa58c3-daf4-45d1-b2c1-a937f21356e6,02e79fae-1b8d-4273-a895-a3690aebea47,delivered,2026-04-19T00:53:00.000Z
9ae772f0-9e25-40eb-95e2-30b2eecf3809,11604570-af89-4858-bb43-7881d687a770,confirmed,2026-04-19T01:19:00.000Z
8055657d-dcfd-4080-9e27-6db386b18778,69541496-ab7e-4f9f-aa45-eaad394e33bc,shipped,2026-04-19T02:50:00.000Z
2997eec4-db29-4fdb-9b09-95dd07e7f2b6,c6fff2a6-d1f0-43a4-bbb2-09ebfbaeb019,shipped,2026-04-19T03:27:00.000Z
d18d5d07-ad6d-468b-ae93-7d97a2d6946e,074f882e-43a6-4551-9313-2e634947fd19,confirmed,2026-04-19T03:35:00.000Z
ca1c84dc-8d01-457c-b4a0-3306c979d2e6,25cc3b5f-ef44-4c56-aae2-0a8c868db20e,delivered,2026-04-19T03:46:00.000Z
f2ea30e7-b676-4da4-a6fb-3f13e654e765,564a97fc-4b93-40a5-af47-767b8ed2fb16,delivered,2026-04-19T03:55:00.000Z
e040a4bb-6936-4975-8087-26b4986bb10a,ea3327ab-56c5-4335-94ac-5216128b7f68,confirmed,2026-04-19T05:00:00.000Z
9d429454-5459-45ca-a62c-a5a1f1e5ddfa,025efa8c-8751-4645-90f0-9cc99d09db30,shipped,2026-04-19T08:42:00.000Z
4f67a14a-722d-4a0c-ada8-a3b26c7d0735,454551ac-5835-4524-8c32-be0e7d20a639,draft,2026-04-19T08:58:00.000Z
e0d901f1-59f8-409e-a411-face03e78b1e,454551ac-5835-4524-8c32-be0e7d20a639,submitted,2026-04-19T09:09:00.000Z
65f57c55-8ec9-47da-8f24-dbfbc82cb42d,d54fdfee-74fb-456a-aed4-05d7b02c9a1a,delivered,2026-04-19T09:17:00.000Z
7f47ca0a-edb4-4114-a002-3dc1524c6c24,b60d8541-e90b-4103-93f6-9e973ba1d3e4,shipped,2026-04-19T09:34:00.000Z
d3b1e865-1cf3-41ef-99c7-523a2ef3edf9,17f72bd0-157f-4085-b19d-299faf981486,delivered,2026-04-19T10:55:00.000Z
e8c9b4fb-3140-42a7-bc88-a0abb7af6b56,ac400842-cec5-470d-ad4d-8270f2dc94f4,shipped,2026-04-19T11:15:00.000Z
af9a8e34-6429-44a9-a1da-a9b5adde71a2,b60d8541-e90b-4103-93f6-9e973ba1d3e4,cancelled,2026-04-19T11:34:00.000Z
2a8bdf9d-9746-4827-8136-d6fad4240428,527e96ad-230e-4040-ade1-61a85a96e064,draft,2026-04-19T11:36:00.000Z
4198c3be-7788-4767-91d8-4a3805a020d3,527e96ad-230e-4040-ade1-61a85a96e064,submitted,2026-04-19T11:49:00.000Z
269a6aa9-55e5-4618-bb90-715bbc8498d5,c7dd02de-99ab-4976-99ac-efc97d6e0adc,draft,2026-04-19T12:04:00.000Z
71c33556-66b9-4e80-9652-8c6be8b77967,c7dd02de-99ab-4976-99ac-efc97d6e0adc,submitted,2026-04-19T12:15:00.000Z
d29558c4-74b3-4759-b007-03e290357f26,5f7bde57-6210-40fe-8224-0a5d22aa7b50,delivered,2026-04-19T13:13:00.000Z
fb6727be-ec8b-4363-b728-71c54866c218,5bada963-e896-44a7-a2ee-7ed971d3390b,draft,2026-04-19T15:14:00.000Z
c1717ab0-e030-4957-ac9e-9762800d2c43,5bada963-e896-44a7-a2ee-7ed971d3390b,submitted,2026-04-19T15:26:00.000Z
26d62fe8-4b15-4cb0-8395-21f171f0e1cf,527e96ad-230e-4040-ade1-61a85a96e064,confirmed,2026-04-19T16:49:00.000Z
0ec53304-5ded-4c53-ba55-d2a48f55076a,454551ac-5835-4524-8c32-be0e7d20a639,confirmed,2026-04-19T17:09:00.000Z
b25ef621-0938-41fe-97df-e9fd11d91d6e,a3af45b8-344c-45a1-92c2-5540366d6658,shipped,2026-04-19T17:45:00.000Z
676f423d-bc02-4c62-a3be-e83c03e28fc0,5bada963-e896-44a7-a2ee-7ed971d3390b,confirmed,2026-04-19T18:26:00.000Z
acb0c6b1-5b08-43c6-87fa-abc0d42d6f27,9fee0040-9b11-4490-9173-2a9c2524ab56,delivered,2026-04-19T20:29:00.000Z
9544456b-9ec5-4c26-84dc-08581907f7cd,a96e5311-f874-4d07-b641-1c2d1b6cfc62,shipped,2026-04-19T22:25:00.000Z
fafa2241-6b08-4a8b-8562-77acc9c6d153,f75da8fb-780e-44a5-a9a5-4f988a8c2929,delivered,2026-04-19T22:33:00.000Z
069e431f-ebcc-4240-bad4-9978fbc397a7,c7dd02de-99ab-4976-99ac-efc97d6e0adc,confirmed,2026-04-20T00:15:00.000Z
e2ca6ba0-ecb0-4afa-8f72-6f8eab9913a4,4609b188-403f-4656-8643-3ca1ac4a11cf,delivered,2026-04-20T00:43:00.000Z
423474f1-4024-45b3-8e91-a107c8eade5d,279fed1c-754c-4f5d-9706-09e4ca37d3e6,shipped,2026-04-20T01:33:00.000Z
c5541b45-dc72-409d-8b57-8bba7a6abee3,d2f6f3a2-f692-4013-b75c-01ef59d3a2ac,shipped,2026-04-20T02:51:00.000Z
48160393-26f8-413d-be07-a07ee7b6adb9,f4ef5677-3749-468d-b2a0-17cb8f9745a7,shipped,2026-04-20T02:52:00.000Z
8722a45f-ab9f-4010-aa32-1a10dbfbd420,02dbd2a4-190d-4899-bf2b-c95e0cdfd9dd,delivered,2026-04-20T04:05:00.000Z
0d8b9053-cf8e-4fe6-8019-f30f31a5f8b4,5b8b3350-4c34-4740-844e-98621c693ce7,shipped,2026-04-20T06:00:00.000Z
528e20ef-7d41-479c-8c0a-f813d7093326,b9b9cf93-5368-4b3b-a3d5-3bd1f9185bbf,delivered,2026-04-20T06:39:00.000Z
9f620c41-e723-4647-822e-abb3ea0d4ea8,d7314882-aa61-4471-b8e8-a8097d7ee184,delivered,2026-04-20T06:44:00.000Z
5ec2b8f6-3ffa-4b61-b5f3-4f9bbc8584eb,a5a54aea-6421-44d4-9d79-d1526a80ec03,delivered,2026-04-20T07:03:00.000Z
945bbaad-5c43-464e-96a0-3c48151b54cb,059a3294-e655-457d-8fc5-0b3b77b6575a,shipped,2026-04-20T07:09:00.000Z
29325b4e-4e05-4591-a0bb-b1d4bc9fd9a6,9b8d0627-004e-4406-a955-794ff622917f,shipped,2026-04-20T08:46:00.000Z
6dd48db7-100e-4b82-8c51-46dc5327ab60,2160daa3-66a7-4c72-9837-5eefeac937c2,delivered,2026-04-20T09:15:00.000Z
727143c1-7cc5-408f-b8c6-fa3470ef9176,4f820a69-c5bc-48c1-9162-2f6e4153c2ec,shipped,2026-04-20T14:39:00.000Z
8d1ed175-8f25-4212-ac46-88c9de7e13b1,81d4bc12-506d-41fc-8edc-a01b75d64d35,delivered,2026-04-20T16:31:00.000Z
5bb52586-1944-4f87-9314-2ea9a4e8cf42,5e1e1465-9387-46fa-9743-f1be0df356f0,draft,2026-04-20T17:25:00.000Z
0d2d02f1-1233-4470-a1c8-046b21f7f101,5e1e1465-9387-46fa-9743-f1be0df356f0,submitted,2026-04-20T17:33:00.000Z
c039ee10-9b3f-4dad-b99d-94d898500362,2b8076ff-22dc-474a-9267-204daa364443,delivered,2026-04-20T17:40:00.000Z
e308ed8c-7228-4d7b-8490-935f1e892286,1bac08e3-58fc-48fb-b549-041f88a0ddff,delivered,2026-04-20T17:56:00.000Z
4ada2602-901a-45aa-b2d9-e6253a09dd46,66b69f69-b63a-484b-88bf-b723efb2c67f,draft,2026-04-20T18:28:00.000Z
80d6b83e-88e7-4c26-a03f-a2fd69b2d887,66b69f69-b63a-484b-88bf-b723efb2c67f,submitted,2026-04-20T18:32:00.000Z
8fff0fea-713a-4671-a84e-c66f57fafa25,3403314d-8930-44ec-a666-0a6d6e0a4e2c,draft,2026-04-20T18:57:00.000Z
7ddc7e0d-a581-4cc6-90a9-8068ab23cad8,3403314d-8930-44ec-a666-0a6d6e0a4e2c,submitted,2026-04-20T19:21:00.000Z
cff5a5ce-6ee6-4b64-bd3e-6488235cef41,b9a11f04-e2cf-4a93-b46b-0e2e41907a7a,draft,2026-04-20T19:24:00.000Z
50953e96-903d-49a7-9fe5-2edd3c614000,8104f344-9d66-4a68-a5f5-a416b223753f,delivered,2026-04-20T19:28:00.000Z
34bd0e23-cd40-4913-8ecb-26779adcd678,091114e1-f6ff-4f91-9c01-ba07408fe8b3,draft,2026-04-20T19:31:00.000Z
0eec5030-46eb-496c-a560-3d872c7201ba,b9a11f04-e2cf-4a93-b46b-0e2e41907a7a,submitted,2026-04-20T19:35:00.000Z
ed1c7d13-48c1-44a9-8cd3-d0d9fd95fa5e,091114e1-f6ff-4f91-9c01-ba07408fe8b3,submitted,2026-04-20T19:46:00.000Z
918bca3e-8c7a-4944-9c82-053600e128d9,4c65bab5-7985-463d-9196-26a9e57248cd,draft,2026-04-20T19:52:00.000Z
fff1fb79-2b8e-44a4-af59-898a7ddcdc7f,4c65bab5-7985-463d-9196-26a9e57248cd,submitted,2026-04-20T20:21:00.000Z
d861e260-3dc3-43ce-958e-544a3df13c32,f5665bad-f4fb-4ffb-9362-912900f1b04d,shipped,2026-04-20T21:50:00.000Z
261a8f94-0745-454b-8977-fad7ce5546d5,25c56226-f026-449b-b0cb-7a64115c105e,shipped,2026-04-20T22:25:00.000Z
a48e439c-f7aa-4ca3-bca7-71d03d7914a0,5e1e1465-9387-46fa-9743-f1be0df356f0,confirmed,2026-04-20T22:33:00.000Z
0b7fc718-1b1e-412b-9c50-537a4bda2cae,a7a70f0b-b494-4c2e-9bb7-21045b027b0d,delivered,2026-04-20T23:57:00.000Z
8f51fd59-45b4-4c86-89cd-bc11b42aad20,454551ac-5835-4524-8c32-be0e7d20a639,shipped,2026-04-21T00:09:00.000Z
f7ed9631-e294-48a2-8677-b4d155908de3,aef36cda-c3d7-41e3-88ca-b7a104aa360b,shipped,2026-04-21T00:28:00.000Z
ba7bdf92-c66a-4b57-a2ef-988584e90775,3403314d-8930-44ec-a666-0a6d6e0a4e2c,confirmed,2026-04-21T02:21:00.000Z
26b6a6cd-784f-4459-97f3-b365cbf63de4,091114e1-f6ff-4f91-9c01-ba07408fe8b3,confirmed,2026-04-21T02:46:00.000Z
84d823cc-bc68-49da-ad48-630f82860ebf,27631959-3b3f-4cd0-9bbe-5786a170a415,delivered,2026-04-21T03:12:00.000Z
0bad585a-3e4b-4bbb-94c8-12706f6476bb,4c65bab5-7985-463d-9196-26a9e57248cd,confirmed,2026-04-21T03:21:00.000Z
8993fff1-1bd5-4256-8acd-d3b552984abb,66b69f69-b63a-484b-88bf-b723efb2c67f,confirmed,2026-04-21T04:32:00.000Z
704566e3-0040-4c2f-86ac-5415b7364bb6,b9a11f04-e2cf-4a93-b46b-0e2e41907a7a,confirmed,2026-04-21T04:35:00.000Z
e67901da-c01d-4d20-88b1-32cb2abde2d2,16ffc6d7-2b58-4ce3-a714-dee0c759d0c7,delivered,2026-04-21T04:50:00.000Z
9869ddf8-2c9c-4fb5-8b29-87eb711671a7,a427fe08-eb14-4e43-aecb-46190de46ee9,shipped,2026-04-21T05:24:00.000Z
2e1f161e-2f73-4a67-8f7f-5eda93037827,2da615f1-cd7b-4708-858a-8a38c48571f6,delivered,2026-04-21T05:50:00.000Z
dc9c62be-60a4-4d11-9fa8-6d1096828399,e69badce-7d83-4e3a-9fa9-157a3a640c92,shipped,2026-04-21T06:31:00.000Z
fa3e121a-0c54-4042-acc0-6e6aa8dfe61d,ea3327ab-56c5-4335-94ac-5216128b7f68,shipped,2026-04-21T07:00:00.000Z
2505e2e1-98ae-4188-83b3-f887f491b4b8,11604570-af89-4858-bb43-7881d687a770,shipped,2026-04-21T08:19:00.000Z
568e3582-59b9-48ab-9251-d0a5855fa926,686dad38-4d72-4cfb-83e6-1beff0a35cb1,draft,2026-04-21T11:54:00.000Z
a49909dd-4f6a-4daa-9845-16e44d47378f,686dad38-4d72-4cfb-83e6-1beff0a35cb1,submitted,2026-04-21T12:08:00.000Z
cc8a96c7-542e-4c60-9183-cf23c99b596e,686dad38-4d72-4cfb-83e6-1beff0a35cb1,confirmed,2026-04-21T15:08:00.000Z
72f8f930-9b61-45dc-8d76-7a75b4cc32a8,c6fff2a6-d1f0-43a4-bbb2-09ebfbaeb019,delivered,2026-04-21T15:27:00.000Z
07a82efe-7957-4e14-a990-4e343ad0c845,6078f29b-82b3-49eb-97cc-0ca4b7e19c82,draft,2026-04-21T16:43:00.000Z
f68879d3-2b46-4f6e-96f7-f1d83bccdb87,527e96ad-230e-4040-ade1-61a85a96e064,shipped,2026-04-21T16:49:00.000Z
e831bf02-f7e2-488c-af68-2342c517344e,6078f29b-82b3-49eb-97cc-0ca4b7e19c82,submitted,2026-04-21T17:00:00.000Z
ab759f88-b305-4998-9734-c8ea79ac6299,683c0762-d486-461b-9be2-0e780f5df654,shipped,2026-04-21T19:09:00.000Z
4cc0a86f-2c79-4eab-b4c3-f58d0c267e48,2579757b-ab98-447d-9412-9fe4623a8420,delivered,2026-04-21T19:38:00.000Z
c4650ba1-d11d-4431-b2b1-eaec868369b1,082e8cc5-d732-4ba3-aab8-420cb83cfba4,draft,2026-04-21T19:43:00.000Z
cf37610e-34f1-4ef7-82cb-63afbfbafd82,082e8cc5-d732-4ba3-aab8-420cb83cfba4,submitted,2026-04-21T19:47:00.000Z
195524e6-d0ce-4dc5-aa6e-aeb23838772e,1143cef9-0c11-4edb-9dbb-d5360f677c65,draft,2026-04-21T20:38:00.000Z
1500a64b-9b7c-4de8-a05d-d7453a56a4f6,1143cef9-0c11-4edb-9dbb-d5360f677c65,submitted,2026-04-21T20:55:00.000Z
1898d4a2-15e7-4ec7-b387-4bb2df93e57a,ba56ae4e-5ef4-4980-8cfa-0efe7d162cd8,draft,2026-04-21T22:27:00.000Z
ae43f599-758a-46de-bdc0-676a28f75ba0,30ad5762-80a0-4bbf-bcdb-667be00626c6,shipped,2026-04-21T22:56:00.000Z
f3e80a70-2d04-4f98-9586-f521f58f0c71,ba56ae4e-5ef4-4980-8cfa-0efe7d162cd8,submitted,2026-04-21T22:57:00.000Z
fd66d9f8-ee9b-4f7d-9288-363812d594c1,2beaa3e2-028d-4136-afce-ef0c4f6479c8,shipped,2026-04-21T23:26:00.000Z
9b93214e-458c-4790-b6a9-1a178adcd7a7,6078f29b-82b3-49eb-97cc-0ca4b7e19c82,confirmed,2026-04-22T00:00:00.000Z
840b29ff-2f6c-42f1-aff7-13db4c8bcf4a,5e1e1465-9387-46fa-9743-f1be0df356f0,shipped,2026-04-22T00:33:00.000Z
72861044-8d66-42c3-8e24-123bb0617140,89dd79ae-b513-4260-aa6f-05c3f7e7023b,shipped,2026-04-22T00:52:00.000Z
cd4a1264-18e8-4939-ae7f-be2ccb4d80bf,082e8cc5-d732-4ba3-aab8-420cb83cfba4,confirmed,2026-04-22T02:47:00.000Z
5b726d84-4f27-48f4-9c33-95a7e6ed0ebc,1143cef9-0c11-4edb-9dbb-d5360f677c65,confirmed,2026-04-22T02:55:00.000Z
fb920cdd-c299-4651-a302-0fdedc529640,ba56ae4e-5ef4-4980-8cfa-0efe7d162cd8,confirmed,2026-04-22T02:57:00.000Z
4f47bdc8-f51b-4b00-8c81-962dfdb0ce39,9efbb9c1-1279-40b0-82fb-11ee549a38c4,delivered,2026-04-22T03:02:00.000Z
123d4022-c4a5-4a5c-a6e2-d631af073a71,5e1e1465-9387-46fa-9743-f1be0df356f0,cancelled,2026-04-22T04:33:00.000Z
bcbe10e8-7641-470b-9456-0dbd0f2c115a,0833c798-d460-46bb-b69c-6cf7ef9dc5d4,shipped,2026-04-22T06:03:00.000Z
1effd1cf-312e-420f-87e6-8137a44e2215,c7dd02de-99ab-4976-99ac-efc97d6e0adc,shipped,2026-04-22T06:15:00.000Z
631cced6-ee4e-466d-9356-b297a51190e6,4c65bab5-7985-463d-9196-26a9e57248cd,shipped,2026-04-22T06:21:00.000Z
f26953e5-74ea-45e3-b1c1-299ef74d4ae5,d12acda8-74df-49c7-b3a0-3c1b1db27c09,delivered,2026-04-22T07:03:00.000Z
325d6924-3220-448f-8c34-4cad74ed6318,279fed1c-754c-4f5d-9706-09e4ca37d3e6,delivered,2026-04-22T07:33:00.000Z
0e630a8d-04fa-4a4d-ae4d-9e65d0a3ab0f,074f882e-43a6-4551-9313-2e634947fd19,shipped,2026-04-22T07:35:00.000Z
d6c0ec32-5b2b-4571-b445-0be9d5663d30,3403314d-8930-44ec-a666-0a6d6e0a4e2c,shipped,2026-04-22T08:21:00.000Z
9214c4e7-ec23-403e-bbee-7deee9747f5d,452d9cac-f565-4f2a-9f2e-5047dfe0fc52,draft,2026-04-22T10:22:00.000Z
85f4a771-698b-4425-b9a4-b8cf6afd8933,452d9cac-f565-4f2a-9f2e-5047dfe0fc52,submitted,2026-04-22T10:29:00.000Z
b76af258-a60d-4977-ae94-1b70c8983671,b668b6f3-1f95-4d72-82e3-9332c88175ec,delivered,2026-04-22T12:14:00.000Z
f1f55072-0eb8-4f67-8b10-7a6b96c9ea7d,c17ff536-d4f4-4838-aa81-897d5d2ea01f,draft,2026-04-22T12:17:00.000Z
0f744f65-2bba-42d4-a187-0fda320a154c,c17ff536-d4f4-4838-aa81-897d5d2ea01f,submitted,2026-04-22T12:24:00.000Z
2e0dc243-8b94-48d4-8602-93699be1ef76,13b24468-b775-44e9-a220-4c24bbd72303,draft,2026-04-22T13:31:00.000Z
348254d7-fb2d-4ce7-9ff4-e79c6c81e335,091580fa-58e7-4853-a1d7-ded02ba587dd,draft,2026-04-22T13:36:00.000Z
b6106ae7-fd8e-41e4-be6f-bc834a6ce2be,13b24468-b775-44e9-a220-4c24bbd72303,submitted,2026-04-22T13:50:00.000Z
27f6bdbc-1d0d-4d64-83b3-1b4e53f7b58c,091580fa-58e7-4853-a1d7-ded02ba587dd,submitted,2026-04-22T13:59:00.000Z
3bbfd714-ece2-49a7-8fc0-ce450b293a8b,059a3294-e655-457d-8fc5-0b3b77b6575a,delivered,2026-04-22T14:09:00.000Z
d415a499-e0b7-4aa1-a5ae-20756e3ffcc4,8216757d-c128-4673-a402-1c7aa9ff2ff5,draft,2026-04-22T14:54:00.000Z
2ef0fccd-99bc-4e4f-aba8-e55082590d16,8216757d-c128-4673-a402-1c7aa9ff2ff5,submitted,2026-04-22T14:57:00.000Z
eee10de6-3ab4-498c-9c13-8fb2fff18f45,f058f3d5-d7fa-42a0-9ad6-951da6dc9423,draft,2026-04-22T15:10:00.000Z
047ca1ec-d7bd-40b7-ae1f-dfbe8f5325c1,452d9cac-f565-4f2a-9f2e-5047dfe0fc52,confirmed,2026-04-22T15:29:00.000Z
ded414e5-70ce-4b73-8b69-e671058b4b33,f058f3d5-d7fa-42a0-9ad6-951da6dc9423,submitted,2026-04-22T15:39:00.000Z
2e8c7ba4-5b0e-45e5-8639-097eb7742c7b,0c339812-f4c2-4fa2-9b12-532b281100ef,delivered,2026-04-22T17:00:00.000Z
ae31ece9-7023-4444-93e6-7297deee4029,8c4cca00-1e6d-4297-b2bd-e9590f0e16be,draft,2026-04-22T17:19:00.000Z
06aaa18d-6b38-4e07-8196-30422a5f1dea,8c4cca00-1e6d-4297-b2bd-e9590f0e16be,submitted,2026-04-22T17:21:00.000Z
e0b12e32-a0d8-4e69-963d-b84ece2858be,b1c60adc-9270-4a58-ac57-11bb7936cb7a,delivered,2026-04-22T17:39:00.000Z
50083e4c-0323-4831-b1b0-711d54996891,091580fa-58e7-4853-a1d7-ded02ba587dd,confirmed,2026-04-22T17:59:00.000Z
9ba33fa4-a8d3-4e6a-ad7d-6290336c28c1,4ea009d6-9492-4451-b1f2-a99c9e1319a8,draft,2026-04-22T18:12:00.000Z
ef0ce624-ed5f-403c-a727-a23527911e52,4ea009d6-9492-4451-b1f2-a99c9e1319a8,submitted,2026-04-22T18:14:00.000Z
684e4da3-a6aa-41d8-9ddb-35c405cff567,68b9fd5d-bcec-4a98-b38b-da01f21fef60,delivered,2026-04-22T18:16:00.000Z
ced23a7d-9fb4-403e-aa2b-b3ab8cd0def7,43ea3097-dc60-4f09-a7a9-ab69ed59f106,draft,2026-04-22T19:08:00.000Z
edf17e37-3c68-4a0a-979e-f92d25c53ef4,5bada963-e896-44a7-a2ee-7ed971d3390b,shipped,2026-04-22T19:26:00.000Z
fe63af80-e863-404e-9546-6dba83d5b6d0,43ea3097-dc60-4f09-a7a9-ab69ed59f106,submitted,2026-04-22T19:32:00.000Z
2a361927-3411-4b14-85ca-48c65a9d9506,c17ff536-d4f4-4838-aa81-897d5d2ea01f,confirmed,2026-04-22T20:24:00.000Z
fcdd0a6e-9bea-46e8-b385-38f457a745fe,ac06dd91-a827-4a37-8090-fe7bfdbab1d6,draft,2026-04-22T20:28:00.000Z
4ee2adf8-274e-4b73-8c97-5ef775f61f8d,ac06dd91-a827-4a37-8090-fe7bfdbab1d6,submitted,2026-04-22T20:44:00.000Z
b3c3ede3-00bf-4c11-a072-f6a6fec53441,686dad38-4d72-4cfb-83e6-1beff0a35cb1,shipped,2026-04-22T21:08:00.000Z
0c391b93-7e06-4fe1-a421-034b14187cbf,3a68feca-bd46-4bf2-9691-45ce2d01ff59,draft,2026-04-22T21:46:00.000Z
560b080f-5bc2-4557-9239-2451c45462c9,8216757d-c128-4673-a402-1c7aa9ff2ff5,confirmed,2026-04-22T21:57:00.000Z
ea14bb7f-8f9f-4ef1-bc2b-7202fd04f97c,3a68feca-bd46-4bf2-9691-45ce2d01ff59,submitted,2026-04-22T22:11:00.000Z
a8ddfc63-2ece-46ff-a14a-449612b99dd2,f058f3d5-d7fa-42a0-9ad6-951da6dc9423,confirmed,2026-04-22T22:39:00.000Z
e6c593fb-08b4-4617-b12b-2155b95d8682,ac06dd91-a827-4a37-8090-fe7bfdbab1d6,confirmed,2026-04-22T22:44:00.000Z
30d8392d-5b4e-4191-8ab6-ff0298455ed1,4ea009d6-9492-4451-b1f2-a99c9e1319a8,confirmed,2026-04-22T23:14:00.000Z
557fa56e-b245-4281-89a0-754028635374,13b24468-b775-44e9-a220-4c24bbd72303,confirmed,2026-04-23T01:50:00.000Z
c7ae2efe-0747-4311-94b2-d4339d332c96,43ea3097-dc60-4f09-a7a9-ab69ed59f106,confirmed,2026-04-23T02:32:00.000Z
48f8aa95-0ac7-4722-8010-44ce8349b602,1143cef9-0c11-4edb-9dbb-d5360f677c65,shipped,2026-04-23T02:55:00.000Z
419ad6b9-81d7-44cc-b926-3ca5705dfd17,454551ac-5835-4524-8c32-be0e7d20a639,delivered,2026-04-23T04:09:00.000Z
51a6df1a-db06-4b44-b390-5e9dfa9b0b26,8c4cca00-1e6d-4297-b2bd-e9590f0e16be,confirmed,2026-04-23T05:21:00.000Z
8941dca8-2bd3-4916-8adb-e15e5330671a,3a68feca-bd46-4bf2-9691-45ce2d01ff59,confirmed,2026-04-23T06:11:00.000Z
aaccfef3-8932-456d-8efc-9c10b988b7b7,082e8cc5-d732-4ba3-aab8-420cb83cfba4,shipped,2026-04-23T06:47:00.000Z
d0298441-740b-478e-980d-c6ac94b8fa61,d2f6f3a2-f692-4013-b75c-01ef59d3a2ac,delivered,2026-04-23T06:51:00.000Z
9012af44-9a32-4aa8-86ed-20c68a6d2396,6154ddcd-ba9e-42f0-973a-cc68f99cc56c,draft,2026-04-23T07:58:00.000Z
a8cc6891-de63-4fd1-b65f-f8f17b21997d,6154ddcd-ba9e-42f0-973a-cc68f99cc56c,submitted,2026-04-23T08:23:00.000Z
5e096592-c092-4596-93b3-65bed4e9b69e,ba56ae4e-5ef4-4980-8cfa-0efe7d162cd8,shipped,2026-04-23T08:57:00.000Z
40d911ab-fa7b-4ede-82f4-a0478cd8cd1b,025efa8c-8751-4645-90f0-9cc99d09db30,delivered,2026-04-23T10:42:00.000Z
3527e8c0-82f0-4dc0-b686-f21b34db3841,54ed0603-9388-42df-9a8f-abeb4a7bda29,delivered,2026-04-23T11:01:00.000Z
3e62f867-17d6-46ec-a8a6-8950623af6fd,66b69f69-b63a-484b-88bf-b723efb2c67f,shipped,2026-04-23T12:32:00.000Z
d0863b8e-331d-4035-9ceb-d4a34d88e62e,b9a11f04-e2cf-4a93-b46b-0e2e41907a7a,shipped,2026-04-23T12:35:00.000Z
c5b4c237-e795-40bb-bca9-7aca4c1f94f0,5c443abf-a00e-4cfd-a29c-594628afb2c8,draft,2026-04-23T14:51:00.000Z
6719bdfd-dd45-47fa-beeb-07cd4024bede,5c443abf-a00e-4cfd-a29c-594628afb2c8,submitted,2026-04-23T15:20:00.000Z
445335a2-7aae-47c4-ba4b-bd21d5f6266b,6154ddcd-ba9e-42f0-973a-cc68f99cc56c,confirmed,2026-04-23T16:23:00.000Z
f56e3da9-37a2-4cdc-adb8-def0ed437ae3,bd5cc8c2-7a9e-4869-865a-6b9d5dd96973,draft,2026-04-23T17:53:00.000Z
f03e9f85-a98c-4f65-b7e5-d45c70904597,bd5cc8c2-7a9e-4869-865a-6b9d5dd96973,submitted,2026-04-23T18:02:00.000Z
209748ce-dd33-4da4-9978-0b2fc040d8e4,66b69f69-b63a-484b-88bf-b723efb2c67f,cancelled,2026-04-23T18:32:00.000Z
4732db66-f0d4-42c7-8e05-3dad5d6e82cf,4f820a69-c5bc-48c1-9162-2f6e4153c2ec,delivered,2026-04-23T18:39:00.000Z
4ad9cefe-e21f-488f-9d6d-22e2e4a1701b,091580fa-58e7-4853-a1d7-ded02ba587dd,shipped,2026-04-23T18:59:00.000Z
a0b51321-02dd-42fc-a85a-8b8c3d6b0611,452d9cac-f565-4f2a-9f2e-5047dfe0fc52,shipped,2026-04-23T19:29:00.000Z
38ec4a07-5edc-40d4-95de-58077420e1be,5543b900-c058-4e6c-a81a-aaf360acbff5,draft,2026-04-23T20:18:00.000Z
a98ff024-0747-482c-aeb0-8491b8a18c77,5543b900-c058-4e6c-a81a-aaf360acbff5,submitted,2026-04-23T20:35:00.000Z
4e3dd317-d453-4a30-ac72-2c316c711076,b4c31e01-dbe3-4966-a30d-6cde268ccc04,draft,2026-04-23T21:11:00.000Z
cbd1d5c7-d578-492d-a138-79fd27fe1715,5c443abf-a00e-4cfd-a29c-594628afb2c8,confirmed,2026-04-23T21:20:00.000Z
80f57458-691d-4e97-ae86-2155f155ae7d,b4c31e01-dbe3-4966-a30d-6cde268ccc04,submitted,2026-04-23T21:23:00.000Z
100e09a7-f907-444f-96bd-f289a7a88e4b,ac400842-cec5-470d-ad4d-8270f2dc94f4,delivered,2026-04-23T23:15:00.000Z
0963868f-e7a5-4ef8-9f05-0a395e09962e,79086fdb-f92c-4343-acf1-a7def282aa27,delivered,2026-04-23T23:34:00.000Z
b33c9424-e833-4b35-b62f-0170a2fb96b4,5543b900-c058-4e6c-a81a-aaf360acbff5,confirmed,2026-04-24T01:35:00.000Z
4ed675f3-5950-4450-8649-4d34dbbcdda5,a3af45b8-344c-45a1-92c2-5540366d6658,delivered,2026-04-24T01:45:00.000Z
79cf433f-54ef-4f23-9c86-9d777ce91301,fa59b9c9-393b-4a3b-a267-2135152d58e0,delivered,2026-04-24T04:24:00.000Z
356cfef2-36d1-469e-81b5-be1fab075c4b,aef36cda-c3d7-41e3-88ca-b7a104aa360b,delivered,2026-04-24T04:28:00.000Z
39603757-cb61-4522-aaf7-3bf41fcebdc3,091114e1-f6ff-4f91-9c01-ba07408fe8b3,shipped,2026-04-24T04:46:00.000Z
c96d7138-1419-4a4b-bc25-3bf042ff7e91,527e96ad-230e-4040-ade1-61a85a96e064,delivered,2026-04-24T04:49:00.000Z
78b1aabe-99f3-49ee-b44e-a55689c164aa,bd5cc8c2-7a9e-4869-865a-6b9d5dd96973,confirmed,2026-04-24T05:02:00.000Z
9fcbc74f-9ab5-4a61-9814-df0932273705,43ea3097-dc60-4f09-a7a9-ab69ed59f106,shipped,2026-04-24T07:32:00.000Z
8177f0b9-2bf1-4149-b763-8a1a9748cc3b,192741c5-1c83-4327-9e46-ce3a2247b79c,draft,2026-04-24T08:15:00.000Z
f4211ea4-0a7b-48e6-adec-f282f5437317,b4c31e01-dbe3-4966-a30d-6cde268ccc04,confirmed,2026-04-24T08:23:00.000Z
49e081c0-e487-46dc-870e-533951ae1ba5,192741c5-1c83-4327-9e46-ce3a2247b79c,submitted,2026-04-24T08:28:00.000Z
82abb2b8-a7ae-4b45-83dd-f831948fdc21,f4ef5677-3749-468d-b2a0-17cb8f9745a7,delivered,2026-04-24T09:52:00.000Z
d0f9658c-8924-4b44-a8d9-f245c5612f0f,5b8b3350-4c34-4740-844e-98621c693ce7,delivered,2026-04-24T11:00:00.000Z
c59fb6ef-d221-4cb7-a627-417e8d59be66,89dd79ae-b513-4260-aa6f-05c3f7e7023b,delivered,2026-04-24T11:52:00.000Z
77e977e9-916e-4b83-8f0d-f5efe1c2c285,69541496-ab7e-4f9f-aa45-eaad394e33bc,delivered,2026-04-24T12:50:00.000Z
adbfed7f-49be-4940-894a-91e04c0f0d98,a427fe08-eb14-4e43-aecb-46190de46ee9,delivered,2026-04-24T13:24:00.000Z
7fee3016-a996-418c-addb-3998a1292d87,192741c5-1c83-4327-9e46-ce3a2247b79c,confirmed,2026-04-24T13:28:00.000Z
ef137612-e422-4595-8b56-9529c8c6725d,0833c798-d460-46bb-b69c-6cf7ef9dc5d4,delivered,2026-04-24T17:03:00.000Z
f2eba85d-0039-4340-8e4a-ac2a47153bf0,cc4146de-020c-4811-ba60-2f035c044a89,draft,2026-04-24T18:14:00.000Z
dd864bb3-ade1-4265-b2c0-8a889765229a,cc4146de-020c-4811-ba60-2f035c044a89,submitted,2026-04-24T18:30:00.000Z
c009664d-4be4-4670-96bd-bc131541aeae,9b8d0627-004e-4406-a955-794ff622917f,delivered,2026-04-24T19:46:00.000Z
ca0c8812-bd7f-4721-bc97-aa914b68c0a5,c17ff536-d4f4-4838-aa81-897d5d2ea01f,shipped,2026-04-24T21:24:00.000Z
87983239-78ff-44ab-b9b0-2bf8f59b4a28,ce3e5049-d3f1-4940-9dec-307734a43f1a,draft,2026-04-24T21:24:00.000Z
a1700735-6977-4105-b111-9c9a6c11bb1d,ce3e5049-d3f1-4940-9dec-307734a43f1a,submitted,2026-04-24T21:31:00.000Z
beebe99e-7199-482c-b3b8-46a63b2ceba1,cc4146de-020c-4811-ba60-2f035c044a89,confirmed,2026-04-24T23:30:00.000Z
00175757-204b-4393-83ba-6ae2a71b327d,25c56226-f026-449b-b0cb-7a64115c105e,delivered,2026-04-25T01:25:00.000Z
edb801fa-d930-4869-8b34-00a531ce833b,ac06dd91-a827-4a37-8090-fe7bfdbab1d6,shipped,2026-04-25T02:44:00.000Z
de1bff4f-4317-468e-a160-4aa38f3e055f,f058f3d5-d7fa-42a0-9ad6-951da6dc9423,shipped,2026-04-25T03:39:00.000Z
6e39b10a-0687-433a-882a-5caa5d0ce709,6078f29b-82b3-49eb-97cc-0ca4b7e19c82,shipped,2026-04-25T04:00:00.000Z
5c2c7b34-c8c3-4d22-8326-a73b44134e79,2beaa3e2-028d-4136-afce-ef0c4f6479c8,delivered,2026-04-25T04:26:00.000Z
4adf74d9-9574-4d45-be77-3aa9a48f35eb,8216757d-c128-4673-a402-1c7aa9ff2ff5,shipped,2026-04-25T04:57:00.000Z
2f2d8389-fa93-4026-9778-1be12610c165,ce3e5049-d3f1-4940-9dec-307734a43f1a,confirmed,2026-04-25T05:31:00.000Z
480979ac-8647-4085-bd27-61cb755e0130,ac06dd91-a827-4a37-8090-fe7bfdbab1d6,cancelled,2026-04-25T05:44:00.000Z
de2adcc3-113d-45e0-82be-2e22bdfffc7f,683c0762-d486-461b-9be2-0e780f5df654,delivered,2026-04-25T07:09:00.000Z
caf5e7ee-5346-4cf7-a3f3-f795e0a011a0,11604570-af89-4858-bb43-7881d687a770,delivered,2026-04-25T09:19:00.000Z
149bafea-b08b-47dd-88b2-82128793f4a8,b4c31e01-dbe3-4966-a30d-6cde268ccc04,shipped,2026-04-25T10:23:00.000Z
b2c8618d-529d-440c-a25c-399aaa44119c,a96e5311-f874-4d07-b641-1c2d1b6cfc62,delivered,2026-04-25T10:25:00.000Z
4f0a9d24-5178-4601-be8f-77a30e369562,e69badce-7d83-4e3a-9fa9-157a3a640c92,delivered,2026-04-25T11:31:00.000Z
61e0228d-9b46-424e-acbc-44bed5eca3ba,315163d5-17bc-4010-beb0-4411dabe3433,draft,2026-04-25T11:46:00.000Z
34aea1ad-585a-4efb-9e31-4a60ebbc25a5,b22c2c83-38c9-44e5-91f2-1c82835b9dbd,draft,2026-04-25T11:48:00.000Z
99e24f9d-42d8-4888-84d5-697eb787d67a,315163d5-17bc-4010-beb0-4411dabe3433,submitted,2026-04-25T11:51:00.000Z
805d94bc-33be-49b2-8a7e-4b5d37aeabb8,b22c2c83-38c9-44e5-91f2-1c82835b9dbd,submitted,2026-04-25T11:55:00.000Z
892e632b-0766-4abd-84d6-fc919df6c939,ea3327ab-56c5-4335-94ac-5216128b7f68,delivered,2026-04-25T13:00:00.000Z
d5c5233d-2a3c-41a0-88a7-0c2f54b18367,b4c31e01-dbe3-4966-a30d-6cde268ccc04,cancelled,2026-04-25T14:23:00.000Z
24138db9-3ae3-44b4-a896-176eabfced37,ba56ae4e-5ef4-4980-8cfa-0efe7d162cd8,delivered,2026-04-25T14:57:00.000Z
6e4c7577-9fb7-4305-acba-07c3db2ef62d,4c65bab5-7985-463d-9196-26a9e57248cd,delivered,2026-04-25T15:21:00.000Z
1510c011-67ed-4ad6-b898-e2edc00b5f7f,315163d5-17bc-4010-beb0-4411dabe3433,confirmed,2026-04-25T15:51:00.000Z
8ee8f2f0-0e8c-4a83-8844-3ffbd6c4dc96,f27f0801-8611-4637-83ab-e898feffb151,draft,2026-04-25T16:12:00.000Z
1328e447-563e-46c1-a97b-f92f98beafae,f27f0801-8611-4637-83ab-e898feffb151,submitted,2026-04-25T16:30:00.000Z
5222895e-5581-48f4-9e29-699a5344aed9,b22c2c83-38c9-44e5-91f2-1c82835b9dbd,confirmed,2026-04-25T16:55:00.000Z
196a5282-83f8-4cac-bd35-87ee8623b86a,7d7ed71f-c85a-4fc5-ba23-9a3a2b145c18,draft,2026-04-25T17:40:00.000Z
2c0dc271-4649-4d03-b3ab-3a30ae7966e0,7d7ed71f-c85a-4fc5-ba23-9a3a2b145c18,submitted,2026-04-25T18:00:00.000Z
4728c625-bb2a-4e6e-9985-a4867155ee5f,12d4bd69-1499-4b8f-8dcf-5ed4a727c89b,draft,2026-04-25T20:09:00.000Z
1a7d2aeb-86b5-4ebb-9ca2-7c06facf2dbe,12d4bd69-1499-4b8f-8dcf-5ed4a727c89b,submitted,2026-04-25T20:31:00.000Z
e47ed0ae-8050-4d00-8a8b-db07f23c66ba,698bd79d-7934-41c6-b9d2-66ff85c0325b,draft,2026-04-25T20:49:00.000Z
8856be4d-f70b-4f13-b367-61a007960bac,698bd79d-7934-41c6-b9d2-66ff85c0325b,submitted,2026-04-25T20:59:00.000Z
1934653d-cb1e-4bce-8d40-984708cfb766,b22c2c83-38c9-44e5-91f2-1c82835b9dbd,cancelled,2026-04-25T21:55:00.000Z
7abb79ae-d0ca-4b44-8942-359aff064b34,5c443abf-a00e-4cfd-a29c-594628afb2c8,shipped,2026-04-25T23:20:00.000Z
b558c1a0-b7ff-4554-81ac-bc816613dd87,cc4146de-020c-4811-ba60-2f035c044a89,shipped,2026-04-25T23:30:00.000Z
7f9dd09d-9496-4428-a574-26db0c66aec2,7d7ed71f-c85a-4fc5-ba23-9a3a2b145c18,confirmed,2026-04-26T01:00:00.000Z
01e238db-8a9a-48f0-acc0-6d6f917e6b77,698bd79d-7934-41c6-b9d2-66ff85c0325b,confirmed,2026-04-26T01:59:00.000Z
3e50222f-d151-428e-b5f2-e6f66f24565d,5bada963-e896-44a7-a2ee-7ed971d3390b,delivered,2026-04-26T02:26:00.000Z
b1a4f3ec-5211-4e99-9afe-fffaf3a49043,f27f0801-8611-4637-83ab-e898feffb151,confirmed,2026-04-26T02:30:00.000Z
bee2c7ac-22d3-4b1c-a7b2-4ffb552d8111,4ea009d6-9492-4451-b1f2-a99c9e1319a8,shipped,2026-04-26T03:14:00.000Z
7283a18f-4ec6-44cb-9ed7-3c139fff8bbb,13b24468-b775-44e9-a220-4c24bbd72303,shipped,2026-04-26T06:50:00.000Z
2ca17b51-ec7f-4a12-b3c5-b0cce2358b97,091580fa-58e7-4853-a1d7-ded02ba587dd,delivered,2026-04-26T06:59:00.000Z
b7e06518-ce7c-4fcb-be0e-ddc603747488,8c4cca00-1e6d-4297-b2bd-e9590f0e16be,shipped,2026-04-26T07:21:00.000Z
f46f4604-3236-437b-9721-b751dfb4c6e6,12d4bd69-1499-4b8f-8dcf-5ed4a727c89b,confirmed,2026-04-26T07:31:00.000Z
fa38a1b4-328c-49bb-a3fc-0af0c6a6d3a6,f5665bad-f4fb-4ffb-9362-912900f1b04d,delivered,2026-04-26T07:50:00.000Z
64c51f75-8e99-4bb6-b4df-cbb9cdc28c9f,ce3e5049-d3f1-4940-9dec-307734a43f1a,shipped,2026-04-26T11:31:00.000Z
521250fd-f3f1-4bc8-ac5e-aaf66c041ac1,3a68feca-bd46-4bf2-9691-45ce2d01ff59,shipped,2026-04-26T13:11:00.000Z
396983ab-fd13-424a-9530-b48ee4474a24,3403314d-8930-44ec-a666-0a6d6e0a4e2c,delivered,2026-04-26T15:21:00.000Z
b8642417-5219-40e4-9b86-7e25a0d2deb6,192741c5-1c83-4327-9e46-ce3a2247b79c,shipped,2026-04-26T16:28:00.000Z
fcd72800-1105-4a9c-a610-e15f62b3e4d2,4123feff-8e59-4cd1-9d68-efbb88c31c1f,draft,2026-04-26T17:18:00.000Z
26a1e7dd-72b4-4c00-bf28-2558a36160a7,4123feff-8e59-4cd1-9d68-efbb88c31c1f,submitted,2026-04-26T17:32:00.000Z
542de92d-3919-4e39-8966-241bf2834ee5,6154ddcd-ba9e-42f0-973a-cc68f99cc56c,shipped,2026-04-26T18:23:00.000Z
4c4dc787-897b-4f6c-a8c2-a4af686b7d6f,315163d5-17bc-4010-beb0-4411dabe3433,shipped,2026-04-26T18:51:00.000Z
4a26f3c8-e9e6-47a4-84b7-49e2ab55065e,bc240f12-56c1-4f49-bebd-fc749528338e,draft,2026-04-26T19:38:00.000Z
b970b509-122f-4b26-b3c2-9ebb91f258f7,8d81873f-2e1c-4e89-86f0-fc8f50dc01c2,draft,2026-04-26T19:39:00.000Z
1de7d019-720e-4483-ab12-09f20068099b,8d81873f-2e1c-4e89-86f0-fc8f50dc01c2,submitted,2026-04-26T19:45:00.000Z
3c393c06-30d3-4e87-8376-b93cff5af46f,bc240f12-56c1-4f49-bebd-fc749528338e,submitted,2026-04-26T19:59:00.000Z
f092c6b5-29b8-4561-8dc1-21b9021dbcd8,4123feff-8e59-4cd1-9d68-efbb88c31c1f,confirmed,2026-04-27T00:32:00.000Z
38c0dda2-440f-4aa5-af8a-a7c5809464e2,5543b900-c058-4e6c-a81a-aaf360acbff5,shipped,2026-04-27T01:35:00.000Z
36909672-6315-4ffe-a23e-8d836feb29e8,30ad5762-80a0-4bbf-bcdb-667be00626c6,delivered,2026-04-27T01:56:00.000Z
cfda10d6-a88c-448f-bcf4-8e266394e411,8d81873f-2e1c-4e89-86f0-fc8f50dc01c2,confirmed,2026-04-27T03:45:00.000Z
9079cc8d-62f2-4cb4-b373-f84a75b901b9,bc240f12-56c1-4f49-bebd-fc749528338e,confirmed,2026-04-27T04:59:00.000Z
ede876ac-4dd8-4dea-a5bb-a4890f1efabb,091114e1-f6ff-4f91-9c01-ba07408fe8b3,delivered,2026-04-27T09:46:00.000Z
4a97bc02-ed6e-4527-915d-f1eb88300045,c7dd02de-99ab-4976-99ac-efc97d6e0adc,delivered,2026-04-27T12:15:00.000Z
fbaa4a09-b010-4983-aeaa-131088b31931,bd5cc8c2-7a9e-4869-865a-6b9d5dd96973,shipped,2026-04-27T13:02:00.000Z
84342312-90d4-493b-b35f-e2b025c183ec,3034be2b-c2a5-424e-ae75-fece9d219ab2,draft,2026-04-27T13:27:00.000Z
9487a142-9d18-40f2-a7d2-0ce203c608dc,3034be2b-c2a5-424e-ae75-fece9d219ab2,submitted,2026-04-27T13:49:00.000Z
ae190252-4ff0-42ee-8069-72df19ca7223,074f882e-43a6-4551-9313-2e634947fd19,delivered,2026-04-27T14:35:00.000Z
7ce9e184-b068-44c6-b602-73e8f0ddc7fd,3034be2b-c2a5-424e-ae75-fece9d219ab2,confirmed,2026-04-27T16:49:00.000Z
a1ffd391-33c1-473f-9dac-91a742d3f04e,7d7ed71f-c85a-4fc5-ba23-9a3a2b145c18,shipped,2026-04-28T01:00:00.000Z
1d390c48-da3e-4255-b651-3c510c7c293e,686dad38-4d72-4cfb-83e6-1beff0a35cb1,delivered,2026-04-28T07:08:00.000Z
afd2c080-c189-462e-b86e-c4a57487a78b,cc4146de-020c-4811-ba60-2f035c044a89,delivered,2026-04-28T07:30:00.000Z
2b379992-02fb-48d5-b728-0d31f2cd26be,082e8cc5-d732-4ba3-aab8-420cb83cfba4,delivered,2026-04-28T08:47:00.000Z
70903b12-49f2-4937-89de-bd7583105dd8,f27f0801-8611-4637-83ab-e898feffb151,shipped,2026-04-28T10:30:00.000Z
556a4266-a961-4d60-87bc-944a70d94242,c26996ae-6e87-4d21-ab10-dfa7ed51c240,draft,2026-04-28T12:28:00.000Z
9bb54aaa-b575-4a1a-a704-f4dade0ab9ef,43ea3097-dc60-4f09-a7a9-ab69ed59f106,delivered,2026-04-28T12:32:00.000Z
39f85bee-9f27-4f56-ae58-18adcd511646,c26996ae-6e87-4d21-ab10-dfa7ed51c240,submitted,2026-04-28T12:57:00.000Z
0f32b64f-f745-472b-9e86-040c2c58662e,8216757d-c128-4673-a402-1c7aa9ff2ff5,delivered,2026-04-28T13:57:00.000Z
45185463-d95f-44ee-931d-590563609beb,7ddd2a8c-6e94-4e27-b031-b4c23dfb3c99,draft,2026-04-28T16:21:00.000Z
b758d06c-55bb-4c13-80d2-ab2c00c44f11,7ddd2a8c-6e94-4e27-b031-b4c23dfb3c99,submitted,2026-04-28T16:40:00.000Z
4a511740-7348-4358-bb96-f3f550b7f792,aa4d4359-d3a5-4a3e-9d9d-fa81e45087c0,draft,2026-04-28T17:22:00.000Z
2fd45eea-36ac-46b0-8507-a07eda995ab5,aa4d4359-d3a5-4a3e-9d9d-fa81e45087c0,submitted,2026-04-28T17:50:00.000Z
ade4d962-5503-44b1-aadb-feba352b8259,c26996ae-6e87-4d21-ab10-dfa7ed51c240,confirmed,2026-04-28T17:57:00.000Z
bfa376c1-1a9a-406f-bbb9-981d081cc6c7,aba6031e-41a6-4f26-915a-59f1f9a48945,draft,2026-04-28T18:55:00.000Z
0fcb17bf-d1c0-4048-8cd2-f1614bca3e2b,aba6031e-41a6-4f26-915a-59f1f9a48945,submitted,2026-04-28T18:58:00.000Z
17ea7d0f-ca72-4023-a6e8-d48bdcaa5af3,3a68feca-bd46-4bf2-9691-45ce2d01ff59,delivered,2026-04-28T22:11:00.000Z
82112a62-f81a-4acd-8f6a-ab5a7507655a,c17ff536-d4f4-4838-aa81-897d5d2ea01f,delivered,2026-04-28T22:24:00.000Z
63877291-41f5-4ff8-8de2-75a3dd978f2c,70419ee9-efa0-41f5-a053-d6634e633b59,draft,2026-04-28T22:40:00.000Z
67411bab-0de9-4b0a-aac0-933f8230f45a,aa4d4359-d3a5-4a3e-9d9d-fa81e45087c0,confirmed,2026-04-28T22:50:00.000Z
1e3db782-ac0e-4187-b1c2-191a5f9d87cb,70419ee9-efa0-41f5-a053-d6634e633b59,submitted,2026-04-28T23:08:00.000Z
a168d8d2-0967-49fd-9eed-e9b1e97db36b,aba6031e-41a6-4f26-915a-59f1f9a48945,confirmed,2026-04-29T00:58:00.000Z
21a6ce77-e63e-4a66-b956-b1997614d520,4123feff-8e59-4cd1-9d68-efbb88c31c1f,shipped,2026-04-29T01:32:00.000Z
7bfff377-0324-4cf8-a42b-91778034c796,7ddd2a8c-6e94-4e27-b031-b4c23dfb3c99,confirmed,2026-04-29T01:40:00.000Z
e7ea9db2-c11a-444a-85aa-437c11070107,698bd79d-7934-41c6-b9d2-66ff85c0325b,shipped,2026-04-29T01:59:00.000Z
faaffceb-cbf8-45b8-8d50-6465f9b6a552,8d81873f-2e1c-4e89-86f0-fc8f50dc01c2,shipped,2026-04-29T03:45:00.000Z
c1ab732f-d05e-43f5-b0b4-b2d820468066,5e0ed237-fa1b-4fd9-a058-9145a53ad924,draft,2026-04-29T12:20:00.000Z
500888f0-c0ae-4cfb-8559-b1642193ebe5,12d4bd69-1499-4b8f-8dcf-5ed4a727c89b,shipped,2026-04-29T12:31:00.000Z
ad686585-666a-42d0-9cb3-2bfe64fa402b,5e0ed237-fa1b-4fd9-a058-9145a53ad924,submitted,2026-04-29T12:38:00.000Z
cbe996c4-5812-4353-bd8a-57a9ddc406ef,c3a4b809-4ad6-4438-9244-118f14f36e71,draft,2026-04-29T13:01:00.000Z
455b9e00-13eb-435a-9cf4-d1a445bd926d,c3a4b809-4ad6-4438-9244-118f14f36e71,submitted,2026-04-29T13:10:00.000Z
2a31f1f5-a656-4d49-aba5-2769e8f0460a,4ea009d6-9492-4451-b1f2-a99c9e1319a8,delivered,2026-04-29T13:14:00.000Z
2b2f2760-fd4d-4edb-8e3e-59f9fba68593,ae56c3e0-1cb1-45d5-a6e6-e050f51611e2,draft,2026-04-29T13:56:00.000Z
14e7e795-4e3c-4c1a-87a9-e6bd3e751018,ae56c3e0-1cb1-45d5-a6e6-e050f51611e2,submitted,2026-04-29T14:11:00.000Z
89ccc3f9-b207-449f-930f-e4aaf86687f2,5e0ed237-fa1b-4fd9-a058-9145a53ad924,confirmed,2026-04-29T14:38:00.000Z
5fc106a2-6bd3-42a0-977a-7a6e0ff0fe64,4ea67b7d-6f5b-4748-8382-60317eb9f97e,draft,2026-04-29T15:16:00.000Z
65015c10-f24f-4d1a-afc6-96a70cb2627d,4ea67b7d-6f5b-4748-8382-60317eb9f97e,submitted,2026-04-29T15:19:00.000Z
512aee31-659a-45a4-8a44-d5dc628bcd5a,c3a4b809-4ad6-4438-9244-118f14f36e71,confirmed,2026-04-29T16:10:00.000Z
3a45851a-cc29-4960-98e3-ab6787696ac5,d445a20c-e339-488d-ac45-5c687314e4cb,draft,2026-04-29T17:34:00.000Z
2a886750-62c0-45bf-b025-cca2acee3fcd,3034be2b-c2a5-424e-ae75-fece9d219ab2,shipped,2026-04-29T17:49:00.000Z
6eab35fa-87fc-4f61-97da-e52a7463c3e5,d445a20c-e339-488d-ac45-5c687314e4cb,submitted,2026-04-29T17:57:00.000Z
caa8c3cd-bccc-4d01-9d35-af9dd0d7ec16,4ea67b7d-6f5b-4748-8382-60317eb9f97e,confirmed,2026-04-29T18:19:00.000Z
a5cc1986-559d-4801-b718-dc3bfe1dffbd,71c38c4a-5e78-4abc-95b6-6eb746da6548,draft,2026-04-29T18:38:00.000Z
cba6c548-bad9-4f7e-8911-979c7350f82e,71c38c4a-5e78-4abc-95b6-6eb746da6548,submitted,2026-04-29T18:52:00.000Z
ea95c36b-d01e-41b0-aaeb-5f6c5195fbcb,ae56c3e0-1cb1-45d5-a6e6-e050f51611e2,confirmed,2026-04-29T19:11:00.000Z
aad2117f-067f-4f1a-beaa-fea9c5fb609b,2da6d0e0-f700-4e48-8528-4cca4a05e22d,draft,2026-04-29T21:30:00.000Z
7d2632c2-8af1-4cc5-8a4d-114a50ec90d1,2da6d0e0-f700-4e48-8528-4cca4a05e22d,submitted,2026-04-29T21:48:00.000Z
e7531c7f-1b49-431c-a1fb-6d119d6847b2,71c38c4a-5e78-4abc-95b6-6eb746da6548,confirmed,2026-04-29T22:52:00.000Z
eb259af2-3024-44d8-a52d-70c289acfec6,2da6d0e0-f700-4e48-8528-4cca4a05e22d,confirmed,2026-04-30T01:48:00.000Z
617a66d1-c0d7-4e66-b55c-83c76677369e,c26996ae-6e87-4d21-ab10-dfa7ed51c240,shipped,2026-04-30T01:57:00.000Z
77e347a5-316e-4c13-a062-ab416cdd9017,192741c5-1c83-4327-9e46-ce3a2247b79c,delivered,2026-04-30T04:28:00.000Z
9f8a0478-5a23-476d-b223-f191e93a5fcc,6078f29b-82b3-49eb-97cc-0ca4b7e19c82,delivered,2026-04-30T07:00:00.000Z
284d37c9-ba56-4e8d-9e64-c5cbc4000f6f,bc240f12-56c1-4f49-bebd-fc749528338e,shipped,2026-04-30T08:59:00.000Z
ee26f238-3ee8-43b4-88b1-0311564b0f20,db905730-4399-4c72-8adf-ff932c41af14,draft,2026-04-30T12:19:00.000Z
40ea532d-5fef-463e-a3f7-838b47e7a160,db905730-4399-4c72-8adf-ff932c41af14,submitted,2026-04-30T12:41:00.000Z
64d54a64-3694-44c2-929f-3249d83ce7d3,7e078194-bdb6-471c-8116-0121ba20f9e7,draft,2026-04-30T12:44:00.000Z
896bb499-deb7-44c7-b9ed-ab5bcf013623,7e078194-bdb6-471c-8116-0121ba20f9e7,submitted,2026-04-30T13:08:00.000Z
2d5367f8-f038-4f10-a36c-004bb0b0ef28,db905730-4399-4c72-8adf-ff932c41af14,confirmed,2026-04-30T14:41:00.000Z
f91ced16-74de-4866-af23-2a3d63e2fc4a,f06ef437-0e6f-4733-a07a-d1747ee113e1,draft,2026-04-30T17:26:00.000Z
39699627-fafb-44a7-9738-9318c26998ce,13b24468-b775-44e9-a220-4c24bbd72303,delivered,2026-04-30T17:50:00.000Z
69cad1b7-376e-4147-99fa-9b09fb20b0b4,f06ef437-0e6f-4733-a07a-d1747ee113e1,submitted,2026-04-30T17:52:00.000Z
f137982c-dc52-4882-bade-d7bcaeadfd9c,1cbe05d8-59b1-434d-b17c-91469b91397f,draft,2026-04-30T18:22:00.000Z
59ed0f23-aabd-4233-ae83-f1ffaa7fcc11,9dee167e-24a9-4d8d-9927-ee0084d4677a,draft,2026-04-30T18:33:00.000Z
235c919a-d83c-4fdd-8aa4-a8040eaf96cd,1cbe05d8-59b1-434d-b17c-91469b91397f,submitted,2026-04-30T18:35:00.000Z
f203d659-38f3-47c8-b5d4-aeac4116e456,9dee167e-24a9-4d8d-9927-ee0084d4677a,submitted,2026-04-30T18:40:00.000Z
e4bb04c8-0f30-48d7-b5ae-ce484909861c,8c4cca00-1e6d-4297-b2bd-e9590f0e16be,delivered,2026-04-30T19:21:00.000Z
e849e760-d2c4-418a-9329-34bb7e20720f,5e0ed237-fa1b-4fd9-a058-9145a53ad924,shipped,2026-04-30T19:38:00.000Z
2b887fa4-9c4f-4b89-973d-4fd9532537fe,f06ef437-0e6f-4733-a07a-d1747ee113e1,confirmed,2026-04-30T19:52:00.000Z
fb7ec237-dd59-4d60-8c86-3c6fa32d98e0,7f35839d-917f-4f4d-a3da-cb81945bd5da,draft,2026-04-30T21:07:00.000Z
c5a009ee-0459-4ed9-873b-a0b255604ae3,c3a4b809-4ad6-4438-9244-118f14f36e71,shipped,2026-04-30T21:10:00.000Z
4f74dfea-6199-4b51-a9be-51ad73823b1b,7f35839d-917f-4f4d-a3da-cb81945bd5da,submitted,2026-04-30T21:24:00.000Z
d36c0801-976f-40a4-86c3-bbe1cc4db3c4,7e078194-bdb6-471c-8116-0121ba20f9e7,confirmed,2026-04-30T22:08:00.000Z
50376a23-b746-4786-aac5-ec4c4de3f89c,4ea67b7d-6f5b-4748-8382-60317eb9f97e,shipped,2026-04-30T22:19:00.000Z
24e88ca7-21c1-465b-aad9-43b3659fda7f,15e45df4-5bba-42ac-889f-99ba1ac65106,draft,2026-04-30T22:30:00.000Z
407017b3-5814-4f2a-b5ff-13ce9bc42398,80dee9ce-721e-4234-9cbb-f63498c3f87e,draft,2026-04-30T22:38:00.000Z
94d7fea2-6f09-4d82-9353-be738b958da2,15e45df4-5bba-42ac-889f-99ba1ac65106,submitted,2026-04-30T22:57:00.000Z
8ed136b2-2fef-41b0-9ad5-439a0541fcb8,80dee9ce-721e-4234-9cbb-f63498c3f87e,submitted,2026-04-30T23:08:00.000Z
5329c7ae-3e36-4c0b-ab17-47d6da498ef1,15e45df4-5bba-42ac-889f-99ba1ac65106,confirmed,2026-05-01T00:57:00.000Z
a28a2b8f-cfaa-4ace-964c-f8e59fd02ce8,6154ddcd-ba9e-42f0-973a-cc68f99cc56c,delivered,2026-05-01T01:23:00.000Z
5f1320af-db5e-432d-9d96-d7a2d8c9ddfb,9dee167e-24a9-4d8d-9927-ee0084d4677a,confirmed,2026-05-01T01:40:00.000Z
a10348f3-8e76-43e3-aa3e-045fcf164091,7f35839d-917f-4f4d-a3da-cb81945bd5da,confirmed,2026-05-01T02:24:00.000Z
79b56159-dac1-4d24-b69a-d710a2ef15f9,7d7ed71f-c85a-4fc5-ba23-9a3a2b145c18,delivered,2026-05-01T05:00:00.000Z
2914fc8b-bf6b-4a8f-9afe-6e4725ef10cc,2da6d0e0-f700-4e48-8528-4cca4a05e22d,shipped,2026-05-01T07:48:00.000Z
fdca87f4-5b78-4b02-9df3-5b235adc3151,5c443abf-a00e-4cfd-a29c-594628afb2c8,delivered,2026-05-01T08:20:00.000Z
a57eabd1-a9e0-4cf9-b9fe-0cfb48496265,1760e1ca-7c90-4477-832e-9b0c2ec42b16,draft,2026-05-01T09:47:00.000Z
dc15e9f5-b304-4295-ba3e-7ae3827a2483,1760e1ca-7c90-4477-832e-9b0c2ec42b16,submitted,2026-05-01T10:04:00.000Z
a0524a6c-e015-4b0f-8dc7-7e23e49f51f9,54a105d5-dde8-4468-900d-4a6bfb275bc7,draft,2026-05-01T13:31:00.000Z
efcb0f35-e4a3-413d-987c-279dcd9f1a35,54a105d5-dde8-4468-900d-4a6bfb275bc7,submitted,2026-05-01T13:39:00.000Z
1353cebf-d10a-457e-b2a3-ab1fec1ea33e,1f5db61c-3b88-4a6a-8aa5-983b6c05f062,draft,2026-05-01T13:45:00.000Z
0d3f3b65-cece-44e1-815c-4214fcc797e2,1f5db61c-3b88-4a6a-8aa5-983b6c05f062,submitted,2026-05-01T14:03:00.000Z
1cef8a05-6307-4370-b625-1db8034796e6,1760e1ca-7c90-4477-832e-9b0c2ec42b16,confirmed,2026-05-01T14:04:00.000Z
45e92594-d0b5-4cd5-acd9-2f72c1bda256,bd5cc8c2-7a9e-4869-865a-6b9d5dd96973,delivered,2026-05-01T15:02:00.000Z
dc2aaa47-63f4-4ebb-b65e-f4613476c68e,db905730-4399-4c72-8adf-ff932c41af14,shipped,2026-05-01T18:41:00.000Z
3d34089b-99b7-4cde-95f5-b9243c38f2e1,ae56c3e0-1cb1-45d5-a6e6-e050f51611e2,shipped,2026-05-01T21:11:00.000Z
4a7c090e-b516-4b63-91e8-b3f66e14bd0d,24bde2ea-72f9-4423-9c2b-bd220570684c,draft,2026-05-01T21:29:00.000Z
e40f9f81-b878-4046-a0d0-371c1cfd7020,24bde2ea-72f9-4423-9c2b-bd220570684c,submitted,2026-05-01T21:54:00.000Z
6eb651ca-bf91-4162-aa46-1b38e74e1921,1f5db61c-3b88-4a6a-8aa5-983b6c05f062,confirmed,2026-05-01T22:03:00.000Z
5c394ef8-cdc0-49db-b267-aadcdb196889,f06ef437-0e6f-4733-a07a-d1747ee113e1,shipped,2026-05-01T23:52:00.000Z
1654c30e-b0f5-4890-a0ad-5c5fd50c9e77,7e078194-bdb6-471c-8116-0121ba20f9e7,shipped,2026-05-02T00:08:00.000Z
d9857791-a013-44b6-9c35-767cb389190c,aba6031e-41a6-4f26-915a-59f1f9a48945,shipped,2026-05-02T01:58:00.000Z
fbf6610b-9e60-4049-9f9d-5e4cae90dcc7,24bde2ea-72f9-4423-9c2b-bd220570684c,confirmed,2026-05-02T07:54:00.000Z
87871404-9eed-4d1a-9c56-8ac3c59ecacb,4123feff-8e59-4cd1-9d68-efbb88c31c1f,delivered,2026-05-02T08:32:00.000Z
8775f390-915e-40eb-b687-0cf28f5a6cca,7ddd2a8c-6e94-4e27-b031-b4c23dfb3c99,shipped,2026-05-02T08:40:00.000Z
a786bb53-51a8-410e-8222-9ed2dd6324cc,1d1e420b-f420-42bf-a62b-e5fad777f401,draft,2026-05-02T13:43:00.000Z
a95cf60a-ebec-416f-9f2c-2b2442456332,1d1e420b-f420-42bf-a62b-e5fad777f401,submitted,2026-05-02T14:05:00.000Z
12b4b715-d4f1-4f7f-93af-dcabc96e5aef,1d1e420b-f420-42bf-a62b-e5fad777f401,confirmed,2026-05-02T18:05:00.000Z
2264c62c-a2ab-4d97-8ae0-f1e9733f88af,e6e8742c-52d5-4ea6-adb2-9cfb5b1d0caf,draft,2026-05-02T18:41:00.000Z
02121ed0-4f6f-4675-a111-9600b145535e,e6e8742c-52d5-4ea6-adb2-9cfb5b1d0caf,submitted,2026-05-02T18:47:00.000Z
3e3ed25a-4cf2-4694-afaf-c525657db8d9,c2d1de60-685d-47ad-9b29-8278b486cb5a,draft,2026-05-02T18:56:00.000Z
3076daef-5961-4c64-b12d-56ba24a3dc63,c2d1de60-685d-47ad-9b29-8278b486cb5a,submitted,2026-05-02T19:24:00.000Z
7bd61a24-e070-45b6-8419-d7caa686c610,3034be2b-c2a5-424e-ae75-fece9d219ab2,delivered,2026-05-02T20:49:00.000Z
d14f0fd2-dca1-41e4-a07b-8408d747260d,c2d1de60-685d-47ad-9b29-8278b486cb5a,confirmed,2026-05-03T00:24:00.000Z
47ce517d-633b-4f81-bcec-7cbefb833c1b,e6e8742c-52d5-4ea6-adb2-9cfb5b1d0caf,confirmed,2026-05-03T00:47:00.000Z
426d66ed-c563-4a44-8f57-63733f89502e,9dee167e-24a9-4d8d-9927-ee0084d4677a,shipped,2026-05-03T02:40:00.000Z
57e4ca02-f31a-46af-b3c5-0871d6d1f3fd,71c38c4a-5e78-4abc-95b6-6eb746da6548,shipped,2026-05-03T03:52:00.000Z
b1469514-be41-45fd-a7e3-0ed8b158a5c6,698bd79d-7934-41c6-b9d2-66ff85c0325b,delivered,2026-05-03T07:59:00.000Z
337be52f-8b01-4557-8da5-e0b2128b292c,4ea67b7d-6f5b-4748-8382-60317eb9f97e,delivered,2026-05-03T10:19:00.000Z
0ffbdde9-04c2-4f1f-ad33-a8f5d543fc3b,2da6d0e0-f700-4e48-8528-4cca4a05e22d,delivered,2026-05-03T10:48:00.000Z
2681dffb-5e20-411e-8491-8f577e3caff3,24bde2ea-72f9-4423-9c2b-bd220570684c,shipped,2026-05-03T15:54:00.000Z
86f8e2ac-ee8b-445f-b161-2a51d28bfae1,1d1e420b-f420-42bf-a62b-e5fad777f401,shipped,2026-05-04T00:05:00.000Z
dc20caa8-ba29-4b5f-844f-71d3fb7e1bb4,25a99ed2-9857-453c-8500-f2474b2e4347,draft,2026-05-04T01:42:00.000Z
52b22671-b23a-472c-9540-8b602b7960e8,25a99ed2-9857-453c-8500-f2474b2e4347,submitted,2026-05-04T02:05:00.000Z
1efefeb0-2323-4752-92fe-17ca4e2dfb30,25a99ed2-9857-453c-8500-f2474b2e4347,confirmed,2026-05-04T06:05:00.000Z
53f8e7ea-3ab6-4590-889a-8dd37e9e364c,2b5b87cf-dfd5-4711-b1d2-45f531f0c377,draft,2026-05-04T10:39:00.000Z
e2596246-95d0-42eb-adb9-91acf71569cf,2b5b87cf-dfd5-4711-b1d2-45f531f0c377,submitted,2026-05-04T11:07:00.000Z
1339b293-0c76-4097-89e3-2588ac7fda79,7d5df1f8-db3f-4f32-87ba-8e9abd3b65b0,draft,2026-05-04T11:55:00.000Z
f146c205-4c21-429f-a9ce-698619592406,7d5df1f8-db3f-4f32-87ba-8e9abd3b65b0,submitted,2026-05-04T12:23:00.000Z
d75f8282-0576-40cb-88a3-3d14d77d116c,bc240f12-56c1-4f49-bebd-fc749528338e,delivered,2026-05-04T15:59:00.000Z
ab1261e7-57a0-40f0-94a0-df95c4126562,2b5b87cf-dfd5-4711-b1d2-45f531f0c377,confirmed,2026-05-04T17:07:00.000Z
b256ae98-8f8a-4518-bfbc-35c2e3a15e05,1f5db61c-3b88-4a6a-8aa5-983b6c05f062,shipped,2026-05-05T03:03:00.000Z
cda89a17-d07e-4f2d-bea1-7e20114f1be7,c2d1de60-685d-47ad-9b29-8278b486cb5a,shipped,2026-05-05T06:24:00.000Z
49257639-c47f-425e-9903-0e7e0b05f1f5,c26996ae-6e87-4d21-ab10-dfa7ed51c240,delivered,2026-05-05T12:57:00.000Z
eb4dae3f-bc44-410d-a053-fcaad59d0787,e6e8742c-52d5-4ea6-adb2-9cfb5b1d0caf,shipped,2026-05-06T02:47:00.000Z
4a6e717b-6538-4006-84c4-bf55a576de60,7e078194-bdb6-471c-8116-0121ba20f9e7,delivered,2026-05-06T08:08:00.000Z
72245641-a0a8-43fc-bd25-4193a2a4e676,7ddd2a8c-6e94-4e27-b031-b4c23dfb3c99,delivered,2026-05-06T17:40:00.000Z
8445aa08-7886-403d-a8b3-d2bafe3d82e8,24bde2ea-72f9-4423-9c2b-bd220570684c,delivered,2026-05-07T02:54:00.000Z
97298475-f139-46ba-a027-5c35ba0b2338,f06ef437-0e6f-4733-a07a-d1747ee113e1,delivered,2026-05-07T04:52:00.000Z
0883e0d1-d925-4708-a0c6-6497df9772af,71c38c4a-5e78-4abc-95b6-6eb746da6548,delivered,2026-05-07T14:52:00.000Z
19c99e4a-b212-456e-9747-eb99d3c63162,2b5b87cf-dfd5-4711-b1d2-45f531f0c377,shipped,2026-05-07T18:07:00.000Z
3ae702e9-1a02-4bb3-8207-d3f077e78f07,9dee167e-24a9-4d8d-9927-ee0084d4677a,delivered,2026-05-08T04:40:00.000Z
89d4f455-6b4c-49ff-ada5-1fb83caacd23,c2d1de60-685d-47ad-9b29-8278b486cb5a,delivered,2026-05-08T18:24:00.000Z
bf72be99-2088-4fb7-8c1e-c7bacec6e52c,2b5b87cf-dfd5-4711-b1d2-45f531f0c377,delivered,2026-05-12T20:07:00.000Z
